Date,Symbol,Open,High,Low,Close,Adj Close,Volume,future_return,lift,returns,log_return_1,Open_Chg1,High_Chg1,Low_Chg1,Range_Chg1,Volume_Chg1,log_return_2,Open_Chg2,High_Chg2,Low_Chg2,Range_Chg2,Volume_Chg2,log_return_3,Open_Chg3,High_Chg3,Low_Chg3,Range_Chg3,Volume_Chg3,log_return_4,Open_Chg4,High_Chg4,Low_Chg4,Range_Chg4,Volume_Chg4,log_return_5,Open_Chg5,High_Chg5,Low_Chg5,Range_Chg5,Volume_Chg5,log_return_6,Open_Chg6,High_Chg6,Low_Chg6,Range_Chg6,Volume_Chg6,log_return_7,Open_Chg7,High_Chg7,Low_Chg7,Range_Chg7,Volume_Chg7,log_return_8,Open_Chg8,High_Chg8,Low_Chg8,Range_Chg8,Volume_Chg8,log_return_9,Open_Chg9,High_Chg9,Low_Chg9,Range_Chg9,Volume_Chg9,log_return_10,Open_Chg10,High_Chg10,Low_Chg10,Range_Chg10,Volume_Chg10,log_return_11,Open_Chg11,High_Chg11,Low_Chg11,Range_Chg11,Volume_Chg11,log_return_12,Open_Chg12,High_Chg12,Low_Chg12,Range_Chg12,Volume_Chg12,log_return_13,Open_Chg13,High_Chg13,Low_Chg13,Range_Chg13,Volume_Chg13,log_return_14,Open_Chg14,High_Chg14,Low_Chg14,Range_Chg14,Volume_Chg14,log_return_15,Open_Chg15,High_Chg15,Low_Chg15,Range_Chg15,Volume_Chg15,log_return_16,Open_Chg16,High_Chg16,Low_Chg16,Range_Chg16,Volume_Chg16,log_return_17,Open_Chg17,High_Chg17,Low_Chg17,Range_Chg17,Volume_Chg17,log_return_18,Open_Chg18,High_Chg18,Low_Chg18,Range_Chg18,Volume_Chg18,log_return_19,Open_Chg19,High_Chg19,Low_Chg19,Range_Chg19,Volume_Chg19,log_return_20,Open_Chg20,High_Chg20,Low_Chg20,Range_Chg20,Volume_Chg20,log_return_21,Open_Chg21,High_Chg21,Low_Chg21,Range_Chg21,Volume_Chg21,log_return_22,Open_Chg22,High_Chg22,Low_Chg22,Range_Chg22,Volume_Chg22,log_return_23,Open_Chg23,High_Chg23,Low_Chg23,Range_Chg23,Volume_Chg23,log_return_24,Open_Chg24,High_Chg24,Low_Chg24,Range_Chg24,Volume_Chg24,log_return_25,Open_Chg25,High_Chg25,Low_Chg25,Range_Chg25,Volume_Chg25,Voltality5,Volume_chg_Voltality5,MA5,MAV5,High5,Low5,MA5_ratio,MAV5_ratio,High5_ratio,Low5_ratio,Price_Voltality5,Volume_Voltality5,Bollinger5_ratio,Bollinger5_volume_ratio,ADX5,RSI5,RSIV5,Voltality10,Volume_chg_Voltality10,MA10,MAV10,High10,Low10,MA10_ratio,MAV10_ratio,High10_ratio,Low10_ratio,Price_Voltality10,Volume_Voltality10,Bollinger10_ratio,Bollinger10_volume_ratio,ADX10,RSI10,RSIV10,Voltality15,Volume_chg_Voltality15,MA15,MAV15,High15,Low15,MA15_ratio,MAV15_ratio,High15_ratio,Low15_ratio,Price_Voltality15,Volume_Voltality15,Bollinger15_ratio,Bollinger15_volume_ratio,ADX15,RSI15,RSIV15,Voltality20,Volume_chg_Voltality20,MA20,MAV20,High20,Low20,MA20_ratio,MAV20_ratio,High20_ratio,Low20_ratio,Price_Voltality20,Volume_Voltality20,Bollinger20_ratio,Bollinger20_volume_ratio,ADX20,RSI20,RSIV20,Voltality25,Volume_chg_Voltality25,MA25,MAV25,High25,Low25,MA25_ratio,MAV25_ratio,High25_ratio,Low25_ratio,Price_Voltality25,Volume_Voltality25,Bollinger25_ratio,Bollinger25_volume_ratio,ADX25,RSI25,RSIV25
2024-09-16,ARC,3.369999885559082,3.390000104904175,3.3499999046325684,3.380000114440918,3.380000114440918,499800,0.0,0,0.005934800599554714,0.005934800599554714,0.0029717676519085837,0.005917241932002314,-0.002980625384547116,1.3863003215722889,0.14024224978112634,0.0,-0.002971767651908605,0.0,0.0,0.0,0.3529984692094237,0.0,0.0029717676519085837,0.0,0.0,0.0,0.2386630967492494,0.0,0.0029806253845470537,0.0,0.0029806253845470537,-0.6931471805599453,-0.7055491584523196,0.0029806253845470537,0.0,0.0029717676519085837,0.0,0.6931471805599453,0.2532237507579289,0.0,0.0,0.0029806253845470537,0.0029895360782867674,0.0,-0.04804643071945933,0.0,0.0029895360782867674,0.0,0.002998500209540316,-0.6931471805599453,-0.7241862955278443,0.0,-0.0029895360782868233,0.0,0.0,0.0,1.0037467509342497,0.0,0.005988036287827164,0.0,0.003007518260451599,-0.40546510810816444,-1.1797320576074548,0.0029895360782867674,-0.005988036287827113,0.0,-0.0030075182604515716,0.4054651081081644,-0.23240949103043773,0.0,0.0029895360782867674,0.0,-0.0029985002095402344,0.6931471805599453,-1.0849487502654778,-0.0029895360782868233,0.015083228108341729,0.0,0.021180802214506245,-2.0794415416798357,-0.14598543993310623,0.08078925423635269,0.08232494310349826,0.07433762490918831,0.0762273689973338,0.0,3.3694575820843995,0.022914238061677465,0.026757423563257946,0.016207795195103535,0.026757423563257946,-0.3184537311185346,-0.2639545112908259,0.016694862623372254,0.0,0.02314150667265149,0.0,1.0116009116784799,1.1768028989740082,0.0033726812242223054,-0.006756775931982117,0.0,0.0,0.0,0.47482623590566675,0.0,0.006756775931982088,0.0,0.0,0.0,-0.5102729849014143,0.006779680410128444,0.0,0.0,0.0033955857023685687,-0.2231435513142097,-0.2221480310727082,-0.006779680410128465,-0.010118120402112067,0.0033500836743294788,-0.0033955857023685826,0.5108256237659907,-0.4584833415554065,0.0,0.010118120402112027,-0.006688981750297861,0.0,-0.5108256237659907,0.892233163502153,0.0,0.0,0.006688981750297954,0.0,0.5108256237659907,0.13822623692873032,0.003384094707759889,0.010221544107446212,0.0,0.010221544107446212,-0.6931471805599453,-1.276348183970745,0.010221544107446212,-0.010221544107446278,0.0033613444701299563,0.0,0.18232155679396347,0.7017196036461372,0.0,0.0033955857023685687,0.006756775931982088,0.0,0.5108256237659818,-0.7270045811506065,-0.006825958405077668,0.0,-0.0033840947077598857,-0.006825958405077668,0.4054651081081644,1.3449091449570363,0.00265560829867103,0.43229762529114774,3.363999938964844,393320.0,3.380000114440918,3.359999895095825,0.004745019386110635,0.2395844884888965,0.0,-0.005934800599554761,0.008944370004108427,115014.92077117646,0.9472135954998718,0.7314482314252149,0.9000005960434635,1.0,0.5991540588905158,0.002078207016534763,0.6378795169296052,3.356999921798706,483420.0,3.380000114440918,3.3499999046325684,0.0068280486502826886,0.033322177383692406,0.0,-0.008915425984101966,0.009486888158297388,235678.1553069546,1.1061047695101092,0.5173753905815605,0.6500913701557992,1.0,0.3540618260244428,0.021175898338712792,1.1161524878980391,3.3139999230702717,950293.3333333334,3.380000114440918,3.0199999809265137,0.01971984756237283,-0.6425626904633174,0.0,-0.1126189182821323,0.10642233118361213,1250218.549732501,0.6550430972442596,0.409917083411192,0.817793968414806,0.9767442118354291,0.5226908373412258,0.018659953223463095,1.0005329823293874,3.224999952316284,730175.0,3.380000114440918,2.940000057220459,0.04694280789109935,-0.37907621303928934,0.0,-0.1394661425398554,0.1827134170714908,1142333.467247956,0.7120809798877367,0.44958236657571493,0.5963820732836379,0.9375000620881692,0.5227639814253988,0.016931801520907185,0.98989020792407,3.1683999729156493,603152.0,3.380000114440918,2.9200000762939453,0.06464902329347277,-0.1879612195297716,0.0,-0.14629210094493308,0.19961790859787348,1049193.6022965447,0.765006460356637,0.4753734678295368,0.4119538958572184,0.9074074891696146,0.5222970150848462
2024-09-17,ARC,3.390000104904175,3.400000095367432,3.380000114440918,3.380000114440918,3.380000114440918,908700,0.0,0,0.0,0.0,0.005917241932002314,0.002945507333817346,0.00891542598410196,-0.6931531410123214,0.5978069883004493,0.005934800599554714,0.0029717676519085837,0.005917241932002314,-0.002980625384547116,1.3863003215722889,0.14024224978112634,0.0,-0.002971767651908605,0.0,0.0,0.0,0.3529984692094237,0.0,0.0029717676519085837,0.0,0.0,0.0,0.2386630967492494,0.0,0.0029806253845470537,0.0,0.0029806253845470537,-0.6931471805599453,-0.7055491584523196,0.0029806253845470537,0.0,0.0029717676519085837,0.0,0.6931471805599453,0.2532237507579289,0.0,0.0,0.0029806253845470537,0.0029895360782867674,0.0,-0.04804643071945933,0.0,0.0029895360782867674,0.0,0.002998500209540316,-0.6931471805599453,-0.7241862955278443,0.0,-0.0029895360782868233,0.0,0.0,0.0,1.0037467509342497,0.0,0.005988036287827164,0.0,0.003007518260451599,-0.40546510810816444,-1.1797320576074548,0.0029895360782867674,-0.005988036287827113,0.0,-0.0030075182604515716,0.4054651081081644,-0.23240949103043773,0.0,0.0029895360782867674,0.0,-0.0029985002095402344,0.6931471805599453,-1.0849487502654778,-0.0029895360782868233,0.015083228108341729,0.0,0.021180802214506245,-2.0794415416798357,-0.14598543993310623,0.08078925423635269,0.08232494310349826,0.07433762490918831,0.0762273689973338,0.0,3.3694575820843995,0.022914238061677465,0.026757423563257946,0.016207795195103535,0.026757423563257946,-0.3184537311185346,-0.2639545112908259,0.016694862623372254,0.0,0.02314150667265149,0.0,1.0116009116784799,1.1768028989740082,0.0033726812242223054,-0.006756775931982117,0.0,0.0,0.0,0.47482623590566675,0.0,0.006756775931982088,0.0,0.0,0.0,-0.5102729849014143,0.006779680410128444,0.0,0.0,0.0033955857023685687,-0.2231435513142097,-0.2221480310727082,-0.006779680410128465,-0.010118120402112067,0.0033500836743294788,-0.0033955857023685826,0.5108256237659907,-0.4584833415554065,0.0,0.010118120402112027,-0.006688981750297861,0.0,-0.5108256237659907,0.892233163502153,0.0,0.0,0.006688981750297954,0.0,0.5108256237659907,0.13822623692873032,0.003384094707759889,0.010221544107446212,0.0,0.010221544107446212,-0.6931471805599453,-1.276348183970745,0.010221544107446212,-0.010221544107446278,0.0033613444701299563,0.0,0.18232155679396347,0.7017196036461372,0.0,0.0033955857023685687,0.006756775931982088,0.0,0.5108256237659818,-0.7270045811506065,0.0026541235147021654,0.49459406080310875,3.3679999828338625,477700.0,3.380000114440918,3.359999895095825,0.003556652069940405,0.6430320863053852,0.0,-0.005934800599554761,0.010954571290359844,261816.6534046297,0.7738612787525457,0.9115475413761234,0.800001192086928,1.0,0.7306220618782114,0.002004370330377597,0.6704939101133621,3.359999942779541,476750.0,3.380000114440918,3.3499999046325684,0.005934786407972464,0.6450227622207729,0.0,-0.008915425984101966,0.011547086139178788,220673.6164565219,0.9330133901382569,0.9893539233824818,0.6317581603361324,1.0,0.487450611476952,0.021159955149116994,1.0875040903857778,3.337999931971232,998286.6666666666,3.380000114440918,3.0899999141693115,0.012503938493641667,-0.09402546951328657,0.0,-0.08970468022045477,0.06961117978534116,1232591.851614583,0.6508384953365289,0.4818296164806468,0.856983171536413,0.9736842435482698,0.5359622743303594,0.018659953223463095,0.9906328428593111,3.2459999561309814,769655.0,3.380000114440918,2.940000057220459,0.04045228777558047,0.16607264420689014,0.0,-0.1394661425398554,0.1746093015134746,1133714.7689529783,0.6918571306746735,0.5306613717594092,0.6154642079014369,0.9375000620881692,0.5385373757882201,0.016777769272582368,0.9616250670208822,3.1867999744415285,633252.0,3.380000114440918,2.9200000762939453,0.058858472849217934,0.3611465595142001,0.0,-0.14629210094493308,0.19695002922058744,1046627.8469924255,0.7452400499303836,0.5657941599756598,0.43521786113280775,0.9423077452112251,0.5355338338763753
2024-09-18,ARC,3.390000104904175,3.4100000858306885,3.369999885559082,3.380000114440918,3.380000114440918,443000,-0.002963032947646201,0,0.0,0.0,0.0,0.0029368567943549146,-0.002963032947646201,0.6931531410123215,-0.7184452366561657,0.0,0.005917241932002314,0.002945507333817346,0.00891542598410196,-0.6931531410123214,0.5978069883004493,0.005934800599554714,0.0029717676519085837,0.005917241932002314,-0.002980625384547116,1.3863003215722889,0.14024224978112634,0.0,-0.002971767651908605,0.0,0.0,0.0,0.3529984692094237,0.0,0.0029717676519085837,0.0,0.0,0.0,0.2386630967492494,0.0,0.0029806253845470537,0.0,0.0029806253845470537,-0.6931471805599453,-0.7055491584523196,0.0029806253845470537,0.0,0.0029717676519085837,0.0,0.6931471805599453,0.2532237507579289,0.0,0.0,0.0029806253845470537,0.0029895360782867674,0.0,-0.04804643071945933,0.0,0.0029895360782867674,0.0,0.002998500209540316,-0.6931471805599453,-0.7241862955278443,0.0,-0.0029895360782868233,0.0,0.0,0.0,1.0037467509342497,0.0,0.005988036287827164,0.0,0.003007518260451599,-0.40546510810816444,-1.1797320576074548,0.0029895360782867674,-0.005988036287827113,0.0,-0.0030075182604515716,0.4054651081081644,-0.23240949103043773,0.0,0.0029895360782867674,0.0,-0.0029985002095402344,0.6931471805599453,-1.0849487502654778,-0.0029895360782868233,0.015083228108341729,0.0,0.021180802214506245,-2.0794415416798357,-0.14598543993310623,0.08078925423635269,0.08232494310349826,0.07433762490918831,0.0762273689973338,0.0,3.3694575820843995,0.022914238061677465,0.026757423563257946,0.016207795195103535,0.026757423563257946,-0.3184537311185346,-0.2639545112908259,0.016694862623372254,0.0,0.02314150667265149,0.0,1.0116009116784799,1.1768028989740082,0.0033726812242223054,-0.006756775931982117,0.0,0.0,0.0,0.47482623590566675,0.0,0.006756775931982088,0.0,0.0,0.0,-0.5102729849014143,0.006779680410128444,0.0,0.0,0.0033955857023685687,-0.2231435513142097,-0.2221480310727082,-0.006779680410128465,-0.010118120402112067,0.0033500836743294788,-0.0033955857023685826,0.5108256237659907,-0.4584833415554065,0.0,0.010118120402112027,-0.006688981750297861,0.0,-0.5108256237659907,0.892233163502153,0.0,0.0,0.006688981750297954,0.0,0.5108256237659907,0.13822623692873032,0.003384094707759889,0.010221544107446212,0.0,0.010221544107446212,-0.6931471805599453,-1.276348183970745,0.010221544107446212,-0.010221544107446278,0.0033613444701299563,0.0,0.18232155679396347,0.7017196036461372,0.0026541235147021654,0.5000108789313298,3.3720000267028807,518220.0,3.380000114440918,3.359999895095825,0.002369695294573883,-0.15683009247511354,0.0,-0.005934800599554761,0.010954571290359844,229605.79696514632,0.6825741858350373,0.41809875774671945,0.6666673289382354,1.0,0.5893298059964727,0.002004370330377597,0.5921440197423682,3.362999963760376,491070.0,3.380000114440918,3.3499999046325684,0.005042321371035093,-0.10301691377923723,0.0,-0.008915425984101966,0.01251675157290193,212406.51303050457,0.8395479765961511,0.4434221680468239,0.5922841714994794,1.0,0.529253145938879,0.020792207092588697,1.1047059497784197,3.357333278656006,1018153.3333333334,3.380000114440918,3.3399999141693115,0.006728751565189929,-0.8321760378578628,0.0,-0.01190496206238883,0.01334530683351554,1220195.6019230608,0.9246218552275303,0.38215960366787166,0.8586881408761341,0.9677419851026929,0.5142843447416355,0.018463995948230415,1.000029429266979,3.2679999589920046,788040.0,3.380000114440918,2.9600000381469727,0.03369757890377654,-0.5759790799457458,0.0,-0.13268646212972696,0.1612320748260563,1124808.4942967426,0.6736629569050446,0.4233113899500449,0.6337955444453504,0.9782608921000528,0.5172362068157315,0.016777769272582368,0.9613307980424763,3.2051999759674072,647952.0,3.380000114440918,2.940000057220459,0.0531012599294091,-0.3802468494894453,0.0,-0.1394661425398554,0.19242137390808262,1041033.5946068215,0.7271059276359427,0.45078160756248065,0.4598747151737678,0.9423077452112251,0.5167448854057503
2024-09-19,ARC,3.380000114440918,3.380000114440918,3.369999885559082,3.369999885559082,3.369999885559082,397700,0.002963032947646213,1,-0.002963032947646201,-0.002963032947646201,-0.0029542089843561715,-0.008836573112528359,0.0,-1.3862764799758545,-0.10787181783149076,0.0,0.0,0.0029368567943549146,-0.002963032947646201,0.6931531410123215,-0.7184452366561657,0.0,0.005917241932002314,0.002945507333817346,0.00891542598410196,-0.6931531410123214,0.5978069883004493,0.005934800599554714,0.0029717676519085837,0.005917241932002314,-0.002980625384547116,1.3863003215722889,0.14024224978112634,0.0,-0.002971767651908605,0.0,0.0,0.0,0.3529984692094237,0.0,0.0029717676519085837,0.0,0.0,0.0,0.2386630967492494,0.0,0.0029806253845470537,0.0,0.0029806253845470537,-0.6931471805599453,-0.7055491584523196,0.0029806253845470537,0.0,0.0029717676519085837,0.0,0.6931471805599453,0.2532237507579289,0.0,0.0,0.0029806253845470537,0.0029895360782867674,0.0,-0.04804643071945933,0.0,0.0029895360782867674,0.0,0.002998500209540316,-0.6931471805599453,-0.7241862955278443,0.0,-0.0029895360782868233,0.0,0.0,0.0,1.0037467509342497,0.0,0.005988036287827164,0.0,0.003007518260451599,-0.40546510810816444,-1.1797320576074548,0.0029895360782867674,-0.005988036287827113,0.0,-0.0030075182604515716,0.4054651081081644,-0.23240949103043773,0.0,0.0029895360782867674,0.0,-0.0029985002095402344,0.6931471805599453,-1.0849487502654778,-0.0029895360782868233,0.015083228108341729,0.0,0.021180802214506245,-2.0794415416798357,-0.14598543993310623,0.08078925423635269,0.08232494310349826,0.07433762490918831,0.0762273689973338,0.0,3.3694575820843995,0.022914238061677465,0.026757423563257946,0.016207795195103535,0.026757423563257946,-0.3184537311185346,-0.2639545112908259,0.016694862623372254,0.0,0.02314150667265149,0.0,1.0116009116784799,1.1768028989740082,0.0033726812242223054,-0.006756775931982117,0.0,0.0,0.0,0.47482623590566675,0.0,0.006756775931982088,0.0,0.0,0.0,-0.5102729849014143,0.006779680410128444,0.0,0.0,0.0033955857023685687,-0.2231435513142097,-0.2221480310727082,-0.006779680410128465,-0.010118120402112067,0.0033500836743294788,-0.0033955857023685826,0.5108256237659907,-0.4584833415554065,0.0,0.010118120402112027,-0.006688981750297861,0.0,-0.5108256237659907,0.892233163502153,0.0,0.0,0.006688981750297954,0.0,0.5108256237659907,0.13822623692873032,0.003384094707759889,0.010221544107446212,0.0,0.010221544107446212,-0.6931471805599453,-1.276348183970745,0.0032494284808995974,0.5038433354223792,3.3740000247955324,536720.0,3.380000114440918,3.359999895095825,-0.0011862810672380584,-0.2997785910409877,-0.002963032947646201,-0.002971767651908605,0.008944383332261132,211134.78396512498,0.38819410215731603,0.33538951115823346,0.5333334657895428,0.6666640176109226,0.5414984297891432,0.002341472751218157,0.4856927801489848,3.3649999618530275,449040.0,3.380000114440918,3.3499999046325684,0.0014847586452453496,-0.1214140184202989,-0.002963032947646201,-0.005952393036455742,0.011785202933222418,179573.03187777926,0.6060635895364974,0.4285249022874674,0.5528101826628264,0.7499970198004459,0.3935787714589557,0.0022103350827266197,0.6242331378279796,3.3586666107177736,763726.6666666666,3.380000114440918,3.3399999141693115,0.003368657241353181,-0.652512006796194,-0.002963032947646201,-0.00894192911474265,0.013557704564445223,847018.9578470963,0.7089821840311684,0.3919662118316065,0.813865377945404,0.6666653421282683,0.2021787988512923,0.018597412271524453,0.9984857268574773,3.28849995136261,804910.0,3.380000114440918,2.9600000381469727,0.024481191436416305,-0.7050325177124576,-0.002963032947646201,-0.12972342918208074,0.14528644974974755,1115813.5266300219,0.6402400814681167,0.408763877144003,0.652126880989264,0.9555550963793248,0.5157710717223842,0.01684178241501933,0.952789233495637,3.2219999694824217,657768.0,3.380000114440918,2.940000057220459,0.044910435122383574,-0.503154333352839,-0.002963032947646201,-0.13650310959220918,0.1874832943150078,1037315.626075304,0.6973508047975625,0.4373218735304388,0.4843747061660389,0.9199996376039326,0.5112136720891975
2024-09-20,ARC,3.369999885559082,3.380000114440918,3.369999885559082,3.380000114440918,3.380000114440918,282700,0.0029542089843561685,1,0.002963032947646213,0.002963032947646213,-0.002963032947646201,0.0,0.0,0.0,-0.3413116875141003,-0.002963032947646201,-0.0029542089843561715,-0.008836573112528359,0.0,-1.3862764799758545,-0.10787181783149076,0.0,0.0,0.0029368567943549146,-0.002963032947646201,0.6931531410123215,-0.7184452366561657,0.0,0.005917241932002314,0.002945507333817346,0.00891542598410196,-0.6931531410123214,0.5978069883004493,0.005934800599554714,0.0029717676519085837,0.005917241932002314,-0.002980625384547116,1.3863003215722889,0.14024224978112634,0.0,-0.002971767651908605,0.0,0.0,0.0,0.3529984692094237,0.0,0.0029717676519085837,0.0,0.0,0.0,0.2386630967492494,0.0,0.0029806253845470537,0.0,0.0029806253845470537,-0.6931471805599453,-0.7055491584523196,0.0029806253845470537,0.0,0.0029717676519085837,0.0,0.6931471805599453,0.2532237507579289,0.0,0.0,0.0029806253845470537,0.0029895360782867674,0.0,-0.04804643071945933,0.0,0.0029895360782867674,0.0,0.002998500209540316,-0.6931471805599453,-0.7241862955278443,0.0,-0.0029895360782868233,0.0,0.0,0.0,1.0037467509342497,0.0,0.005988036287827164,0.0,0.003007518260451599,-0.40546510810816444,-1.1797320576074548,0.0029895360782867674,-0.005988036287827113,0.0,-0.0030075182604515716,0.4054651081081644,-0.23240949103043773,0.0,0.0029895360782867674,0.0,-0.0029985002095402344,0.6931471805599453,-1.0849487502654778,-0.0029895360782868233,0.015083228108341729,0.0,0.021180802214506245,-2.0794415416798357,-0.14598543993310623,0.08078925423635269,0.08232494310349826,0.07433762490918831,0.0762273689973338,0.0,3.3694575820843995,0.022914238061677465,0.026757423563257946,0.016207795195103535,0.026757423563257946,-0.3184537311185346,-0.2639545112908259,0.016694862623372254,0.0,0.02314150667265149,0.0,1.0116009116784799,1.1768028989740082,0.0033726812242223054,-0.006756775931982117,0.0,0.0,0.0,0.47482623590566675,0.0,0.006756775931982088,0.0,0.0,0.0,-0.5102729849014143,0.006779680410128444,0.0,0.0,0.0033955857023685687,-0.2231435513142097,-0.2221480310727082,-0.006779680410128465,-0.010118120402112067,0.0033500836743294788,-0.0033955857023685826,0.5108256237659907,-0.4584833415554065,0.0,0.010118120402112027,-0.006688981750297861,0.0,-0.5108256237659907,0.892233163502153,0.0,0.0,0.006688981750297954,0.0,0.5108256237659907,0.13822623692873032,0.003381442555435986,0.49609145553939804,3.3780000686645506,506380.0,3.380000114440918,3.369999885559082,0.0005919046405948877,-0.5829011108797205,0.0,-0.002963032947646201,0.0044722383140716575,238624.0704539255,0.6118033988749173,0.2656564993899169,0.39999960264085005,0.7499985099091044,0.4310642552031264,0.0024430543790135584,0.4416747140467058,3.3679999828338625,437660.0,3.380000114440918,3.3499999046325684,0.003556652069940405,-0.43705608852666933,0.0,-0.008915425984101966,0.011353025420484879,186735.6313080076,0.7642496418928781,0.2925409321796705,0.5133361938261735,0.7999980926768326,0.4658913799304639,0.002090008524476975,0.6260135248723984,3.3613332907358804,539793.3333333334,3.380000114440918,3.3399999141693115,0.005538035368407429,-0.6468000855549145,0.0,-0.01190496206238883,0.013557717962957789,297686.2789358402,0.8442102822178263,0.2840903733853784,0.7694208652134094,0.8333313465336305,0.21772160408753227,0.018554775562479156,0.9938049331741996,3.309499955177307,817235.0,3.380000114440918,2.970000028610229,0.021078636319991104,-1.0615404264995647,0.0,-0.1293137809055046,0.12411687632676653,1108211.1428475978,0.6420035722579794,0.37941490133674155,0.6699017787414446,0.9565213109690046,0.5114250488982823,0.016844013937397137,0.9166977363118537,3.2387999725341796,667376.0,3.380000114440918,2.940000057220459,0.04267286100361021,-0.8589673405276246,0.0,-0.1394661425398554,0.1817580505732639,1032480.4769259966,0.6942144260754803,0.4068563501691345,0.5088746971583099,0.9199996757510417,0.5109708418591056
2024-09-23,ARC,3.380000114440918,3.400000095367432,3.369999885559082,3.390000104904175,3.390000104904175,314300,-0.0029542089843561715,0,0.0029542089843561685,0.0029542089843561685,0.002963032947646213,0.005899716318173401,0.0,1.0985963943336596,0.10596167910397733,0.002963032947646213,-0.002963032947646201,0.0,0.0,0.0,-0.3413116875141003,-0.002963032947646201,-0.0029542089843561715,-0.008836573112528359,0.0,-1.3862764799758545,-0.10787181783149076,0.0,0.0,0.0029368567943549146,-0.002963032947646201,0.6931531410123215,-0.7184452366561657,0.0,0.005917241932002314,0.002945507333817346,0.00891542598410196,-0.6931531410123214,0.5978069883004493,0.005934800599554714,0.0029717676519085837,0.005917241932002314,-0.002980625384547116,1.3863003215722889,0.14024224978112634,0.0,-0.002971767651908605,0.0,0.0,0.0,0.3529984692094237,0.0,0.0029717676519085837,0.0,0.0,0.0,0.2386630967492494,0.0,0.0029806253845470537,0.0,0.0029806253845470537,-0.6931471805599453,-0.7055491584523196,0.0029806253845470537,0.0,0.0029717676519085837,0.0,0.6931471805599453,0.2532237507579289,0.0,0.0,0.0029806253845470537,0.0029895360782867674,0.0,-0.04804643071945933,0.0,0.0029895360782867674,0.0,0.002998500209540316,-0.6931471805599453,-0.7241862955278443,0.0,-0.0029895360782868233,0.0,0.0,0.0,1.0037467509342497,0.0,0.005988036287827164,0.0,0.003007518260451599,-0.40546510810816444,-1.1797320576074548,0.0029895360782867674,-0.005988036287827113,0.0,-0.0030075182604515716,0.4054651081081644,-0.23240949103043773,0.0,0.0029895360782867674,0.0,-0.0029985002095402344,0.6931471805599453,-1.0849487502654778,-0.0029895360782868233,0.015083228108341729,0.0,0.021180802214506245,-2.0794415416798357,-0.14598543993310623,0.08078925423635269,0.08232494310349826,0.07433762490918831,0.0762273689973338,0.0,3.3694575820843995,0.022914238061677465,0.026757423563257946,0.016207795195103535,0.026757423563257946,-0.3184537311185346,-0.2639545112908259,0.016694862623372254,0.0,0.02314150667265149,0.0,1.0116009116784799,1.1768028989740082,0.0033726812242223054,-0.006756775931982117,0.0,0.0,0.0,0.47482623590566675,0.0,0.006756775931982088,0.0,0.0,0.0,-0.5102729849014143,0.006779680410128444,0.0,0.0,0.0033955857023685687,-0.2231435513142097,-0.2221480310727082,-0.006779680410128465,-0.010118120402112067,0.0033500836743294788,-0.0033955857023685826,0.5108256237659907,-0.4584833415554065,0.0,0.010118120402112027,-0.006688981750297861,0.0,-0.5108256237659907,0.892233163502153,0.0024769441392709277,0.49240770559776736,3.3800000667572023,469280.0,3.390000104904175,3.369999885559082,0.0029542230919639865,-0.40085166142561907,0.0,-0.005917241932002314,0.00707114536237022,253838.1216444843,0.8535508617949167,0.3473633520883647,0.4199974807243018,0.6666640176109226,0.4130332864510079,0.0025011917522111634,0.44380381291300597,3.372000002861023,431300.0,3.390000104904175,3.359999895095825,0.0053239113494690776,-0.3164559598502756,0.0,-0.008889009583910989,0.01135303008727276,190050.78268715483,0.8963721998616659,0.34609376722142304,0.47914785902544327,0.8333313465336305,0.4810849393290506,0.002148257212985627,0.57519547041857,3.364666636784871,478706.6666666667,3.390000104904175,3.3499999046325684,0.007501061968638465,-0.42074007910474936,0.0,-0.011869634968458085,0.014074722452674077,232732.1221204045,0.9499816640165869,0.32339495600266716,0.7446512943793768,0.8571409108867727,0.3716774500742235,0.01855888268463448,0.9899520260192144,3.3304999589920046,830040.0,3.390000104904175,3.0199999809265137,0.017707521779310276,-0.9711259485969718,0.0,-0.11557312726648845,0.09599754699602185,1100431.420852749,0.654952256005656,0.38283231689250985,0.6882350748218948,0.9565213109690046,0.5118594463430672,0.01681556682830145,0.916628889416133,3.255999975204468,677996.0,3.390000104904175,2.940000057220459,0.04033051181258436,-0.7687934444144555,0.0,-0.1424203515242116,0.17447538139073038,1027204.727030271,0.6920043513182229,0.411484052197785,0.5265889792817449,0.9215683066265812,0.5120984278879016
2024-09-24,ARC,3.380000114440918,3.380000114440918,3.369999885559082,3.380000114440918,3.380000114440918,180700,0.0,0,-0.0029542089843561715,-0.0029542089843561715,0.0,-0.005899716318173454,0.0,-1.0985963943336596,-0.553509746205339,0.0029542089843561685,0.002963032947646213,0.005899716318173401,0.0,1.0985963943336596,0.10596167910397733,0.002963032947646213,-0.002963032947646201,0.0,0.0,0.0,-0.3413116875141003,-0.002963032947646201,-0.0029542089843561715,-0.008836573112528359,0.0,-1.3862764799758545,-0.10787181783149076,0.0,0.0,0.0029368567943549146,-0.002963032947646201,0.6931531410123215,-0.7184452366561657,0.0,0.005917241932002314,0.002945507333817346,0.00891542598410196,-0.6931531410123214,0.5978069883004493,0.005934800599554714,0.0029717676519085837,0.005917241932002314,-0.002980625384547116,1.3863003215722889,0.14024224978112634,0.0,-0.002971767651908605,0.0,0.0,0.0,0.3529984692094237,0.0,0.0029717676519085837,0.0,0.0,0.0,0.2386630967492494,0.0,0.0029806253845470537,0.0,0.0029806253845470537,-0.6931471805599453,-0.7055491584523196,0.0029806253845470537,0.0,0.0029717676519085837,0.0,0.6931471805599453,0.2532237507579289,0.0,0.0,0.0029806253845470537,0.0029895360782867674,0.0,-0.04804643071945933,0.0,0.0029895360782867674,0.0,0.002998500209540316,-0.6931471805599453,-0.7241862955278443,0.0,-0.0029895360782868233,0.0,0.0,0.0,1.0037467509342497,0.0,0.005988036287827164,0.0,0.003007518260451599,-0.40546510810816444,-1.1797320576074548,0.0029895360782867674,-0.005988036287827113,0.0,-0.0030075182604515716,0.4054651081081644,-0.23240949103043773,0.0,0.0029895360782867674,0.0,-0.0029985002095402344,0.6931471805599453,-1.0849487502654778,-0.0029895360782868233,0.015083228108341729,0.0,0.021180802214506245,-2.0794415416798357,-0.14598543993310623,0.08078925423635269,0.08232494310349826,0.07433762490918831,0.0762273689973338,0.0,3.3694575820843995,0.022914238061677465,0.026757423563257946,0.016207795195103535,0.026757423563257946,-0.3184537311185346,-0.2639545112908259,0.016694862623372254,0.0,0.02314150667265149,0.0,1.0116009116784799,1.1768028989740082,0.0033726812242223054,-0.006756775931982117,0.0,0.0,0.0,0.47482623590566675,0.0,0.006756775931982088,0.0,0.0,0.0,-0.5102729849014143,0.006779680410128444,0.0,0.0,0.0033955857023685687,-0.2231435513142097,-0.2221480310727082,-0.006779680410128465,-0.010118120402112067,0.0033500836743294788,-0.0033955857023685826,0.5108256237659907,-0.4584833415554065,0.002958624255637038,0.33171344818979576,3.3800000667572023,323680.0,3.390000104904175,3.369999885559082,1.4107607871202452e-08,-0.5829171758212525,-0.0029542089843561715,-0.002963032947646201,0.00707114536237022,102380.23246701484,0.5000016858554449,0.15086033564617635,0.41999509655044676,0.5,0.03993933265925165,0.0027226111299633593,0.46189128810341634,3.3740000247955324,400690.0,3.390000104904175,3.359999895095825,0.0017767518804082624,-0.796349863406073,-0.0029542089843561715,-0.005934800599554761,0.010749780106236341,204239.53502362568,0.6395398228170428,0.23072059729455371,0.44126876436758194,0.6666666666666667,0.41028196260038696,0.002296283141945977,0.5866945193266376,3.366666650772095,425726.6666666667,3.390000104904175,3.3499999046325684,0.003952612895242478,-0.8569593151971076,-0.0029542089843561715,-0.008915425984101966,0.013972858986115482,199696.17446320382,0.738560048485287,0.1932506752754351,0.7268733211579587,0.7142852277216931,0.38478267173137715,0.01851714615952611,0.9647392584889669,3.348499965667725,829635.0,3.390000104904175,3.0899999141693115,0.009363269238250163,-1.524147647433954,-0.0029542089843561715,-0.08970468022045477,0.06268344688742872,1100681.3044536028,0.6256318467527932,0.35260606376835335,0.7190194766703871,0.9285710230981886,0.4996250104163773,0.01686558877567476,0.9084583993232084,3.2727999782562254,680460.0,3.390000104904175,2.940000057220459,0.03222986236391844,-1.3259308424571112,-0.0029542089843561715,-0.1394661425398554,0.16473512556825373,1025881.2475948016,0.6626856079037573,0.3782120247417289,0.5389811373075516,0.9038458716942376,0.502790916834303
2024-09-25,ARC,3.380000114440918,3.390000104904175,3.369999885559082,3.380000114440918,3.380000114440918,193100,-0.002963032947646201,0,0.0,0.0,0.0,0.0029542089843561685,0.0,0.6931352598327808,0.06636999183628604,-0.0029542089843561715,0.0,-0.005899716318173454,0.0,-1.0985963943336596,-0.553509746205339,0.0029542089843561685,0.002963032947646213,0.005899716318173401,0.0,1.0985963943336596,0.10596167910397733,0.002963032947646213,-0.002963032947646201,0.0,0.0,0.0,-0.3413116875141003,-0.002963032947646201,-0.0029542089843561715,-0.008836573112528359,0.0,-1.3862764799758545,-0.10787181783149076,0.0,0.0,0.0029368567943549146,-0.002963032947646201,0.6931531410123215,-0.7184452366561657,0.0,0.005917241932002314,0.002945507333817346,0.00891542598410196,-0.6931531410123214,0.5978069883004493,0.005934800599554714,0.0029717676519085837,0.005917241932002314,-0.002980625384547116,1.3863003215722889,0.14024224978112634,0.0,-0.002971767651908605,0.0,0.0,0.0,0.3529984692094237,0.0,0.0029717676519085837,0.0,0.0,0.0,0.2386630967492494,0.0,0.0029806253845470537,0.0,0.0029806253845470537,-0.6931471805599453,-0.7055491584523196,0.0029806253845470537,0.0,0.0029717676519085837,0.0,0.6931471805599453,0.2532237507579289,0.0,0.0,0.0029806253845470537,0.0029895360782867674,0.0,-0.04804643071945933,0.0,0.0029895360782867674,0.0,0.002998500209540316,-0.6931471805599453,-0.7241862955278443,0.0,-0.0029895360782868233,0.0,0.0,0.0,1.0037467509342497,0.0,0.005988036287827164,0.0,0.003007518260451599,-0.40546510810816444,-1.1797320576074548,0.0029895360782867674,-0.005988036287827113,0.0,-0.0030075182604515716,0.4054651081081644,-0.23240949103043773,0.0,0.0029895360782867674,0.0,-0.0029985002095402344,0.6931471805599453,-1.0849487502654778,-0.0029895360782868233,0.015083228108341729,0.0,0.021180802214506245,-2.0794415416798357,-0.14598543993310623,0.08078925423635269,0.08232494310349826,0.07433762490918831,0.0762273689973338,0.0,3.3694575820843995,0.022914238061677465,0.026757423563257946,0.016207795195103535,0.026757423563257946,-0.3184537311185346,-0.2639545112908259,0.016694862623372254,0.0,0.02314150667265149,0.0,1.0116009116784799,1.1768028989740082,0.0033726812242223054,-0.006756775931982117,0.0,0.0,0.0,0.47482623590566675,0.0,0.006756775931982088,0.0,0.0,0.0,-0.5102729849014143,0.006779680410128444,0.0,0.0,0.0033955857023685687,-0.2231435513142097,-0.2221480310727082,0.002958624255637038,0.27939032669561475,3.3800000667572023,273700.0,3.390000104904175,3.369999885559082,1.4107607871202452e-08,-0.3488244266121647,-0.0029542089843561715,-0.002963032947646201,0.00707114536237022,89792.42729762905,0.5000016858554449,0.2755935482932194,0.5533289596991394,0.5,0.13021604024859434,0.0027226111299633593,0.41097556269423613,3.3760000467300415,395960.0,3.390000104904175,3.359999895095825,0.0011841527776390909,-0.7181050066171378,-0.0029542089843561715,-0.005934800599554761,0.009661012816417049,208859.62430940746,0.6035105683764106,0.25718140752340857,0.41110972770199145,0.6666666666666667,0.48393233235953526,0.002296283141945977,0.5076691106764782,3.368666664759318,418613.3333333333,3.390000104904175,3.3499999046325684,0.0033587257177823773,-0.7737394722759251,-0.0029542089843561715,-0.008915425984101966,0.013557736385901444,206293.5698280031,0.7089849175225433,0.22670823729339373,0.7119330334356273,0.7142852277216931,0.48084724465984563,0.018095581875875472,0.9628477677467756,3.362999975681305,832040.0,3.390000104904175,3.3399999141693115,0.005042317826304388,-1.4606723271541586,-0.0029542089843561715,-0.01190496206238883,0.01559360985901118,1099158.1321031207,0.7725497641873645,0.35467514151547574,0.7558276699398465,0.9142852666434607,0.5022332828794027,0.016716989437199768,0.9030687319894103,3.290399980545044,685172.0,3.390000104904175,2.9600000381469727,0.026866611331750993,-1.2664617121992214,-0.0029542089843561715,-0.13268646212972696,0.1505954788561842,1023253.0252907473,0.6487430674818602,0.37977753599600095,0.5535825976231913,0.9399996376041054,0.5053524044927483
2024-09-26,ARC,3.369999885559082,3.380000114440918,3.359999895095825,3.369999885559082,3.369999885559082,300900,0.0,0,-0.002963032947646201,-0.002963032947646201,-0.002963032947646201,-0.0029542089843561715,-0.002971767651908605,0.0,0.44356979420153075,0.0,0.0,0.0029542089843561685,0.0,0.6931352598327808,0.06636999183628604,-0.0029542089843561715,0.0,-0.005899716318173454,0.0,-1.0985963943336596,-0.553509746205339,0.0029542089843561685,0.002963032947646213,0.005899716318173401,0.0,1.0985963943336596,0.10596167910397733,0.002963032947646213,-0.002963032947646201,0.0,0.0,0.0,-0.3413116875141003,-0.002963032947646201,-0.0029542089843561715,-0.008836573112528359,0.0,-1.3862764799758545,-0.10787181783149076,0.0,0.0,0.0029368567943549146,-0.002963032947646201,0.6931531410123215,-0.7184452366561657,0.0,0.005917241932002314,0.002945507333817346,0.00891542598410196,-0.6931531410123214,0.5978069883004493,0.005934800599554714,0.0029717676519085837,0.005917241932002314,-0.002980625384547116,1.3863003215722889,0.14024224978112634,0.0,-0.002971767651908605,0.0,0.0,0.0,0.3529984692094237,0.0,0.0029717676519085837,0.0,0.0,0.0,0.2386630967492494,0.0,0.0029806253845470537,0.0,0.0029806253845470537,-0.6931471805599453,-0.7055491584523196,0.0029806253845470537,0.0,0.0029717676519085837,0.0,0.6931471805599453,0.2532237507579289,0.0,0.0,0.0029806253845470537,0.0029895360782867674,0.0,-0.04804643071945933,0.0,0.0029895360782867674,0.0,0.002998500209540316,-0.6931471805599453,-0.7241862955278443,0.0,-0.0029895360782868233,0.0,0.0,0.0,1.0037467509342497,0.0,0.005988036287827164,0.0,0.003007518260451599,-0.40546510810816444,-1.1797320576074548,0.0029895360782867674,-0.005988036287827113,0.0,-0.0030075182604515716,0.4054651081081644,-0.23240949103043773,0.0,0.0029895360782867674,0.0,-0.0029985002095402344,0.6931471805599453,-1.0849487502654778,-0.0029895360782868233,0.015083228108341729,0.0,0.021180802214506245,-2.0794415416798357,-0.14598543993310623,0.08078925423635269,0.08232494310349826,0.07433762490918831,0.0762273689973338,0.0,3.3694575820843995,0.022914238061677465,0.026757423563257946,0.016207795195103535,0.026757423563257946,-0.3184537311185346,-0.2639545112908259,0.016694862623372254,0.0,0.02314150667265149,0.0,1.0116009116784799,1.1768028989740082,0.0033726812242223054,-0.006756775931982117,0.0,0.0,0.0,0.47482623590566675,0.0,0.006756775931982088,0.0,0.0,0.0,-0.5102729849014143,0.002958624255637038,0.393603370471667,3.3800000667572023,254340.0,3.390000104904175,3.369999885559082,-0.0029630188400383917,0.16810602904339872,-0.005917241932002314,0.0,0.00707114536237022,62730.59859430643,0.14644408063871728,0.685555379046813,0.5866628228478332,0.5,0.3791208791208791,0.0029464123580267487,0.4300752491518983,3.3770000457763674,395530.0,3.390000104904175,3.359999895095825,-0.0020750445532255026,-0.2734486540451788,-0.005917241932002314,-0.002971767651908605,0.008232817923029635,209071.56164550225,0.28743122091575085,0.3868449644045171,0.45110953696785605,0.5714275983038436,0.4985807644068916,0.0024718026173576792,0.4426915167221338,3.3699999968210856,384140.0,3.390000104904175,3.3499999046325684,-3.3015431933792524e-08,-0.2442290858407064,-0.005917241932002314,-0.005952393036455742,0.012535760137080021,175726.87330058616,0.49999778110775905,0.38157758907822903,0.6881233717654183,0.6249985099002229,0.3911414256241843,0.0023396185340915335,0.5672523182828322,3.363999974727631,636380.0,3.390000104904175,3.3399999141693115,0.0017819758074337604,-0.7490178855581879,-0.005917241932002314,-0.00894192911474265,0.015355522972529513,762024.5379389385,0.5976832707388876,0.38993792742311856,0.750272054314215,0.5999990463338689,0.2125859333685881,0.01680117385714919,0.904901431700066,3.306799974441528,694796.0,3.390000104904175,2.9600000381469727,0.01893176373822195,-0.8368402936619893,-0.005917241932002314,-0.12972342918208074,0.13458949717453156,1018250.2661755934,0.6173938391262398,0.40329096561903716,0.5679825983861566,0.9183665724022632,0.5108405723966405
2024-09-27,ARC,3.380000114440918,3.380000114440918,3.369999885559082,3.369999885559082,3.369999885559082,165900,0.002963032947646213,1,0.0,0.0,0.002963032947646213,0.0,0.0029717676519085837,-0.6931352598327809,-0.5953927864396007,-0.002963032947646201,-0.002963032947646201,-0.0029542089843561715,-0.002971767651908605,0.0,0.44356979420153075,0.0,0.0,0.0029542089843561685,0.0,0.6931352598327808,0.06636999183628604,-0.0029542089843561715,0.0,-0.005899716318173454,0.0,-1.0985963943336596,-0.553509746205339,0.0029542089843561685,0.002963032947646213,0.005899716318173401,0.0,1.0985963943336596,0.10596167910397733,0.002963032947646213,-0.002963032947646201,0.0,0.0,0.0,-0.3413116875141003,-0.002963032947646201,-0.0029542089843561715,-0.008836573112528359,0.0,-1.3862764799758545,-0.10787181783149076,0.0,0.0,0.0029368567943549146,-0.002963032947646201,0.6931531410123215,-0.7184452366561657,0.0,0.005917241932002314,0.002945507333817346,0.00891542598410196,-0.6931531410123214,0.5978069883004493,0.005934800599554714,0.0029717676519085837,0.005917241932002314,-0.002980625384547116,1.3863003215722889,0.14024224978112634,0.0,-0.002971767651908605,0.0,0.0,0.0,0.3529984692094237,0.0,0.0029717676519085837,0.0,0.0,0.0,0.2386630967492494,0.0,0.0029806253845470537,0.0,0.0029806253845470537,-0.6931471805599453,-0.7055491584523196,0.0029806253845470537,0.0,0.0029717676519085837,0.0,0.6931471805599453,0.2532237507579289,0.0,0.0,0.0029806253845470537,0.0029895360782867674,0.0,-0.04804643071945933,0.0,0.0029895360782867674,0.0,0.002998500209540316,-0.6931471805599453,-0.7241862955278443,0.0,-0.0029895360782868233,0.0,0.0,0.0,1.0037467509342497,0.0,0.005988036287827164,0.0,0.003007518260451599,-0.40546510810816444,-1.1797320576074548,0.0029895360782867674,-0.005988036287827113,0.0,-0.0030075182604515716,0.4054651081081644,-0.23240949103043773,0.0,0.0029895360782867674,0.0,-0.0029985002095402344,0.6931471805599453,-1.0849487502654778,-0.0029895360782868233,0.015083228108341729,0.0,0.021180802214506245,-2.0794415416798357,-0.14598543993310623,0.08078925423635269,0.08232494310349826,0.07433762490918831,0.0762273689973338,0.0,3.3694575820843995,0.022914238061677465,0.026757423563257946,0.016207795195103535,0.026757423563257946,-0.3184537311185346,-0.2639545112908259,0.016694862623372254,0.0,0.02314150667265149,0.0,1.0116009116784799,1.1768028989740082,0.0033726812242223054,-0.006756775931982117,0.0,0.0,0.0,0.47482623590566675,0.002473780146131163,0.45178385243376806,3.378000020980835,230980.0,3.390000104904175,3.369999885559082,-0.002371114191090725,-0.33094592949054263,-0.005917241932002314,0.0,0.008366706272456021,70762.6455130106,0.26095326042190214,0.27007643111635,0.6199966859965269,0.33333068425653667,0.3610846812559467,0.0029464123580267487,0.4474534275328142,3.378000044822693,368680.0,3.390000104904175,3.369999885559082,-0.0023711212490709955,-0.7985438619290647,-0.005917241932002314,0.0,0.006324649815196845,220456.1170744775,0.18377066330265437,0.27004493831816184,0.4911093462337206,0.5714275983038436,0.4117182876306964,0.0024718026173576792,0.4300976426041065,3.3713333288828533,368766.6666666667,3.390000104904175,3.3499999046325684,-0.0003956022640462632,-0.7987789071763568,-0.005917241932002314,-0.005952393036455742,0.011254724873393221,184439.28798491176,0.47038036605133704,0.22502243301429575,0.6643137100952093,0.6249985099002229,0.44479555683232785,0.0022104869811306943,0.5766597992832916,3.365499973297119,462590.0,3.390000104904175,3.3399999141693115,0.001336177871207919,-1.0254559354196033,-0.005917241932002314,-0.00894192911474265,0.014317905129134128,291844.44108030165,0.5785714149761764,0.24584919375047726,0.7424265615096615,0.6666649006201473,0.22718282000565126,0.01680117385714919,0.9073103268261709,3.3231999683380127,699984.0,3.390000104904175,2.970000028610229,0.01398454579338954,-1.4396722804429203,-0.005917241932002314,-0.12635074795785847,0.11397076086085946,1015080.3727127555,0.6026577274459998,0.36846263252714534,0.5787059759386076,0.9183665724022632,0.5057859940578688
2024-09-30,ARC,3.369999885559082,3.380000114440918,3.369999885559082,3.380000114440918,3.380000114440918,118000,-0.002963032947646201,0,0.002963032947646213,0.002963032947646213,-0.002963032947646201,0.0,0.0,0.0,-0.340700572730734,0.0,0.002963032947646213,0.0,0.0029717676519085837,-0.6931352598327809,-0.5953927864396007,-0.002963032947646201,-0.002963032947646201,-0.0029542089843561715,-0.002971767651908605,0.0,0.44356979420153075,0.0,0.0,0.0029542089843561685,0.0,0.6931352598327808,0.06636999183628604,-0.0029542089843561715,0.0,-0.005899716318173454,0.0,-1.0985963943336596,-0.553509746205339,0.0029542089843561685,0.002963032947646213,0.005899716318173401,0.0,1.0985963943336596,0.10596167910397733,0.002963032947646213,-0.002963032947646201,0.0,0.0,0.0,-0.3413116875141003,-0.002963032947646201,-0.0029542089843561715,-0.008836573112528359,0.0,-1.3862764799758545,-0.10787181783149076,0.0,0.0,0.0029368567943549146,-0.002963032947646201,0.6931531410123215,-0.7184452366561657,0.0,0.005917241932002314,0.002945507333817346,0.00891542598410196,-0.6931531410123214,0.5978069883004493,0.005934800599554714,0.0029717676519085837,0.005917241932002314,-0.002980625384547116,1.3863003215722889,0.14024224978112634,0.0,-0.002971767651908605,0.0,0.0,0.0,0.3529984692094237,0.0,0.0029717676519085837,0.0,0.0,0.0,0.2386630967492494,0.0,0.0029806253845470537,0.0,0.0029806253845470537,-0.6931471805599453,-0.7055491584523196,0.0029806253845470537,0.0,0.0029717676519085837,0.0,0.6931471805599453,0.2532237507579289,0.0,0.0,0.0029806253845470537,0.0029895360782867674,0.0,-0.04804643071945933,0.0,0.0029895360782867674,0.0,0.002998500209540316,-0.6931471805599453,-0.7241862955278443,0.0,-0.0029895360782868233,0.0,0.0,0.0,1.0037467509342497,0.0,0.005988036287827164,0.0,0.003007518260451599,-0.40546510810816444,-1.1797320576074548,0.0029895360782867674,-0.005988036287827113,0.0,-0.0030075182604515716,0.4054651081081644,-0.23240949103043773,0.0,0.0029895360782867674,0.0,-0.0029985002095402344,0.6931471805599453,-1.0849487502654778,-0.0029895360782868233,0.015083228108341729,0.0,0.021180802214506245,-2.0794415416798357,-0.14598543993310623,0.08078925423635269,0.08232494310349826,0.07433762490918831,0.0762273689973338,0.0,3.3694575820843995,0.022914238061677465,0.026757423563257946,0.016207795195103535,0.026757423563257946,-0.3184537311185346,-0.2639545112908259,0.016694862623372254,0.0,0.02314150667265149,0.0,1.0116009116784799,1.1768028989740082,0.00247694413927093,0.44332651168207493,3.3760000228881837,191720.0,3.380000114440918,3.369999885559082,0.0011841598398007077,-0.4853513498257657,0.0,-0.002963032947646201,0.005477350938798817,67351.55529013417,0.6825741858349643,0.22636118170385186,0.4999982118696118,0.33333598238907736,0.2752461644149302,0.002416907078659043,0.4450493451664157,3.378000044822693,330500.0,3.390000104904175,3.369999885559082,0.0005919116985750547,-1.0299220348260762,-0.0029542089843561715,-0.002963032947646201,0.006324649815196845,228151.74774697688,0.5790585121969689,0.26715058935723657,0.5006324042814627,0.5,0.37300425758382116,0.002554826751876701,0.43620409362623097,3.3733333428700765,351440.0,3.390000104904175,3.359999895095825,0.001974365334879081,-1.0913543752018593,-0.0029542089843561715,-0.005934800599554761,0.009759101942331542,195402.00613095114,0.6707834289014698,0.20133367023422827,0.6377060342596362,0.6666657836457461,0.4386420510883422,0.002277231284735257,0.5360354808012538,3.3674999833106996,406960.0,3.390000104904175,3.3499999046325684,0.0037051190067959113,-1.2380302760488449,-0.0029542089843561715,-0.008915425984101966,0.013327940605776134,239000.03831754805,0.7344722920809131,0.19774063423363084,0.7370809787424242,0.6999988079201783,0.36116795607686547,0.016803218668546255,0.9064680102181362,3.33959997177124,702376.0,3.390000104904175,3.0199999809265137,0.012024712468215036,-1.7837842487065632,-0.0029542089843561715,-0.1126189182821323,0.08743952202980787,1013574.3589232448,0.6155088160703394,0.3558625731661161,0.5938638439725817,0.9183666121224419,0.5026615631119815
2024-10-01,ARC,3.369999885559082,3.380000114440918,3.369999885559082,3.369999885559082,3.369999885559082,146000,0.002963032947646213,1,-0.002963032947646201,-0.002963032947646201,0.0,0.0,0.0,0.0,0.21292199724267172,0.002963032947646213,-0.002963032947646201,0.0,0.0,0.0,-0.340700572730734,0.0,0.002963032947646213,0.0,0.0029717676519085837,-0.6931352598327809,-0.5953927864396007,-0.002963032947646201,-0.002963032947646201,-0.0029542089843561715,-0.002971767651908605,0.0,0.44356979420153075,0.0,0.0,0.0029542089843561685,0.0,0.6931352598327808,0.06636999183628604,-0.0029542089843561715,0.0,-0.005899716318173454,0.0,-1.0985963943336596,-0.553509746205339,0.0029542089843561685,0.002963032947646213,0.005899716318173401,0.0,1.0985963943336596,0.10596167910397733,0.002963032947646213,-0.002963032947646201,0.0,0.0,0.0,-0.3413116875141003,-0.002963032947646201,-0.0029542089843561715,-0.008836573112528359,0.0,-1.3862764799758545,-0.10787181783149076,0.0,0.0,0.0029368567943549146,-0.002963032947646201,0.6931531410123215,-0.7184452366561657,0.0,0.005917241932002314,0.002945507333817346,0.00891542598410196,-0.6931531410123214,0.5978069883004493,0.005934800599554714,0.0029717676519085837,0.005917241932002314,-0.002980625384547116,1.3863003215722889,0.14024224978112634,0.0,-0.002971767651908605,0.0,0.0,0.0,0.3529984692094237,0.0,0.0029717676519085837,0.0,0.0,0.0,0.2386630967492494,0.0,0.0029806253845470537,0.0,0.0029806253845470537,-0.6931471805599453,-0.7055491584523196,0.0029806253845470537,0.0,0.0029717676519085837,0.0,0.6931471805599453,0.2532237507579289,0.0,0.0,0.0029806253845470537,0.0029895360782867674,0.0,-0.04804643071945933,0.0,0.0029895360782867674,0.0,0.002998500209540316,-0.6931471805599453,-0.7241862955278443,0.0,-0.0029895360782868233,0.0,0.0,0.0,1.0037467509342497,0.0,0.005988036287827164,0.0,0.003007518260451599,-0.40546510810816444,-1.1797320576074548,0.0029895360782867674,-0.005988036287827113,0.0,-0.0030075182604515716,0.4054651081081644,-0.23240949103043773,0.0,0.0029895360782867674,0.0,-0.0029985002095402344,0.6931471805599453,-1.0849487502654778,-0.0029895360782868233,0.015083228108341729,0.0,0.021180802214506245,-2.0794415416798357,-0.14598543993310623,0.08078925423635269,0.08232494310349826,0.07433762490918831,0.0762273689973338,0.0,3.3694575820843995,0.022914238061677465,0.026757423563257946,0.016207795195103535,0.026757423563257946,-0.3184537311185346,-0.2639545112908259,0.00247905122459901,0.4207050108051416,3.3739999771118163,184780.0,3.380000114440918,3.369999885559082,-0.0011862669345421102,-0.2355593065342626,-0.002963032947646201,0.0,0.005477350938798817,70485.79289473873,0.3174258141650357,0.3624545514515498,0.40000000000000224,0.33333333333333337,0.4475989127151918,0.002592179826276696,0.38653030857144255,3.377000021934509,254230.0,3.390000104904175,3.369999885559082,-0.0020750374931549657,-0.5546327473927277,-0.005917241932002314,0.0,0.0067495890373687265,110570.67171924315,0.24071990395744094,0.25529225264450434,0.4672984086762983,0.4285709420107219,0.16020671834625322,0.002618418561006177,0.43414010645817286,3.37400000890096,328720.0,3.390000104904175,3.359999895095825,-0.0011862763563393497,-0.8115997028668179,-0.005917241932002314,-0.002971767651908605,0.009102689729007208,198330.08272646385,0.3901389737274302,0.26967689736205225,0.6072297112210364,0.5555546725369742,0.41634756995581734,0.0023360668630835668,0.5402320891140633,3.368499982357025,365490.0,3.390000104904175,3.3499999046325684,0.0004451742245983115,-0.9176322973260893,-0.005917241932002314,-0.005952393036455742,0.012680367773780907,204666.637550715,0.5295713663202735,0.23189328433461479,0.7320808707318787,0.5999985695076245,0.3902852002751469,0.016701200728952835,0.8755529626264532,3.353599967956543,700664.0,3.390000104904175,3.0899999141693115,0.004878324255952158,-1.5684218351540642,-0.005917241932002314,-0.08674164727280856,0.05678030893565262,1014513.681064315,0.5722077684586245,0.3633177624036306,0.6165614895076147,0.8888877115164333,0.49807751046588933
2024-10-02,ARC,3.369999885559082,3.380000114440918,3.359999895095825,3.380000114440918,3.380000114440918,122000,0.0029542089843561685,1,0.002963032947646213,0.002963032947646213,0.0,0.0,-0.002971767651908605,0.6931352598327808,-0.17958557697507987,-0.002963032947646201,0.0,0.0,0.0,0.0,0.21292199724267172,0.002963032947646213,-0.002963032947646201,0.0,0.0,0.0,-0.340700572730734,0.0,0.002963032947646213,0.0,0.0029717676519085837,-0.6931352598327809,-0.5953927864396007,-0.002963032947646201,-0.002963032947646201,-0.0029542089843561715,-0.002971767651908605,0.0,0.44356979420153075,0.0,0.0,0.0029542089843561685,0.0,0.6931352598327808,0.06636999183628604,-0.0029542089843561715,0.0,-0.005899716318173454,0.0,-1.0985963943336596,-0.553509746205339,0.0029542089843561685,0.002963032947646213,0.005899716318173401,0.0,1.0985963943336596,0.10596167910397733,0.002963032947646213,-0.002963032947646201,0.0,0.0,0.0,-0.3413116875141003,-0.002963032947646201,-0.0029542089843561715,-0.008836573112528359,0.0,-1.3862764799758545,-0.10787181783149076,0.0,0.0,0.0029368567943549146,-0.002963032947646201,0.6931531410123215,-0.7184452366561657,0.0,0.005917241932002314,0.002945507333817346,0.00891542598410196,-0.6931531410123214,0.5978069883004493,0.005934800599554714,0.0029717676519085837,0.005917241932002314,-0.002980625384547116,1.3863003215722889,0.14024224978112634,0.0,-0.002971767651908605,0.0,0.0,0.0,0.3529984692094237,0.0,0.0029717676519085837,0.0,0.0,0.0,0.2386630967492494,0.0,0.0029806253845470537,0.0,0.0029806253845470537,-0.6931471805599453,-0.7055491584523196,0.0029806253845470537,0.0,0.0029717676519085837,0.0,0.6931471805599453,0.2532237507579289,0.0,0.0,0.0029806253845470537,0.0029895360782867674,0.0,-0.04804643071945933,0.0,0.0029895360782867674,0.0,0.002998500209540316,-0.6931471805599453,-0.7241862955278443,0.0,-0.0029895360782868233,0.0,0.0,0.0,1.0037467509342497,0.0,0.005988036287827164,0.0,0.003007518260451599,-0.40546510810816444,-1.1797320576074548,0.0029895360782867674,-0.005988036287827113,0.0,-0.0030075182604515716,0.4054651081081644,-0.23240949103043773,0.0,0.0029895360782867674,0.0,-0.0029985002095402344,0.6931471805599453,-1.0849487502654778,-0.0029895360782868233,0.015083228108341729,0.0,0.021180802214506245,-2.0794415416798357,-0.14598543993310623,0.08078925423635269,0.08232494310349826,0.07433762490918831,0.0762273689973338,0.0,3.3694575820843995,0.002963032947646203,0.41914788629040706,3.3739999771118163,170560.0,3.380000114440918,3.369999885559082,0.0017767660131040133,-0.3350660962442231,0.0,-0.002963032947646201,0.005477350938798817,75389.07745821009,0.7738612787524566,0.3389687152395586,0.40000000000000224,0.5,0.3962649547709367,0.0027914967498443403,0.33809148451573134,3.377000021934509,222130.0,3.390000104904175,3.369999885559082,0.0008879954544911481,-0.5992417513362746,-0.0029542089843561715,-0.002963032947646201,0.0067495890373687265,95207.03813852898,0.611121302711877,0.23707300962795427,0.43729870669803067,0.5,0.2641786658830443,0.002712482010722491,0.3999238937209087,3.3753333568572996,320826.6666666667,3.390000104904175,3.359999895095825,0.0013816515042030686,-0.9668799533239029,-0.0029542089843561715,-0.005934800599554761,0.00833819213267599,204360.61776976107,0.6399211456560857,0.25676983555281807,0.5654114466134177,0.599999523170345,0.46737573018847134,0.0024090163067231646,0.477139724487514,3.3699999928474424,356600.0,3.390000104904175,3.3499999046325684,0.002963001111336944,-1.0725936606957835,-0.0029542089843561715,-0.008915425984101966,0.012139631363945474,211420.23256264304,0.70593956467195,0.2225904101556495,0.711515646092464,0.636362651176904,0.4715811009526245,0.016249537350636632,0.8746966430269925,3.3651999759674074,699744.0,3.390000104904175,3.3399999141693115,0.004388353800170086,-1.7466935091346556,-0.0029542089843561715,-0.01190496206238883,0.014753613002889748,1015048.8617467306,0.7507883741869148,0.3577053721813454,0.6401721382126824,0.8717936648153639,0.49896504553799637
2024-10-03,ARC,3.369999885559082,3.4100000858306885,3.369999885559082,3.390000104904175,3.390000104904175,246100,-0.0029542089843561715,0,0.0029542089843561685,0.0029542089843561685,0.0,0.00883657311252829,0.0029717676519085837,0.6931412201430738,0.7017169126637535,0.002963032947646213,0.0,0.0,-0.002971767651908605,0.6931352598327808,-0.17958557697507987,-0.002963032947646201,0.0,0.0,0.0,0.0,0.21292199724267172,0.002963032947646213,-0.002963032947646201,0.0,0.0,0.0,-0.340700572730734,0.0,0.002963032947646213,0.0,0.0029717676519085837,-0.6931352598327809,-0.5953927864396007,-0.002963032947646201,-0.002963032947646201,-0.0029542089843561715,-0.002971767651908605,0.0,0.44356979420153075,0.0,0.0,0.0029542089843561685,0.0,0.6931352598327808,0.06636999183628604,-0.0029542089843561715,0.0,-0.005899716318173454,0.0,-1.0985963943336596,-0.553509746205339,0.0029542089843561685,0.002963032947646213,0.005899716318173401,0.0,1.0985963943336596,0.10596167910397733,0.002963032947646213,-0.002963032947646201,0.0,0.0,0.0,-0.3413116875141003,-0.002963032947646201,-0.0029542089843561715,-0.008836573112528359,0.0,-1.3862764799758545,-0.10787181783149076,0.0,0.0,0.0029368567943549146,-0.002963032947646201,0.6931531410123215,-0.7184452366561657,0.0,0.005917241932002314,0.002945507333817346,0.00891542598410196,-0.6931531410123214,0.5978069883004493,0.005934800599554714,0.0029717676519085837,0.005917241932002314,-0.002980625384547116,1.3863003215722889,0.14024224978112634,0.0,-0.002971767651908605,0.0,0.0,0.0,0.3529984692094237,0.0,0.0029717676519085837,0.0,0.0,0.0,0.2386630967492494,0.0,0.0029806253845470537,0.0,0.0029806253845470537,-0.6931471805599453,-0.7055491584523196,0.0029806253845470537,0.0,0.0029717676519085837,0.0,0.6931471805599453,0.2532237507579289,0.0,0.0,0.0029806253845470537,0.0029895360782867674,0.0,-0.04804643071945933,0.0,0.0029895360782867674,0.0,0.002998500209540316,-0.6931471805599453,-0.7241862955278443,0.0,-0.0029895360782868233,0.0,0.0,0.0,1.0037467509342497,0.0,0.005988036287827164,0.0,0.003007518260451599,-0.40546510810816444,-1.1797320576074548,0.0029895360782867674,-0.005988036287827113,0.0,-0.0030075182604515716,0.4054651081081644,-0.23240949103043773,0.0,0.0029895360782867674,0.0,-0.0029985002095402344,0.6931471805599453,-1.0849487502654778,-0.0029895360782868233,0.015083228108341729,0.0,0.021180802214506245,-2.0794415416798357,-0.14598543993310623,0.0026487399387912767,0.508054970908405,3.378000020980835,159600.0,3.390000104904175,3.369999885559082,0.0035461277409117023,0.43306727238130177,0.0,-0.005917241932002314,0.008366706272456021,52084.5946513938,0.8585665473534443,0.9151899452177324,0.40000000000000113,0.7499985099091044,0.4236768802228412,0.002719854943145001,0.42853502325266374,3.3790000438690186,206970.0,3.390000104904175,3.369999885559082,0.003250131622549207,0.17316410217088316,0.0,-0.005917241932002314,0.007378737773108788,73809.74115175512,0.8726945371078572,0.6325367065017459,0.4372990047197628,0.6249996274761659,0.400184356070582,0.0027879032451492937,0.4393320580080771,3.3773333708445232,316886.6666666667,3.390000104904175,3.359999895095825,0.0037434977594758253,-0.2528062341536476,0.0,-0.008889009583910989,0.007988178238692,205251.18710868421,0.8964212390222545,0.41378044182859725,0.5339827738977349,0.636362651176904,0.48423074870590743,0.0024700416764865873,0.4459623930017171,3.372000002861023,328005.0,3.390000104904175,3.3499999046325684,0.0053239113494690776,-0.2872908947733855,0.0,-0.011869634968458085,0.011964954298608419,182416.3239319389,0.8761005181032209,0.3877499033055843,0.6967196482544749,0.666665342136163,0.3954134815844337,0.002373504319018961,0.5469570983178189,3.3667999839782716,541024.0,3.390000104904175,3.3399999141693115,0.0068672187409996,-0.7877256827575457,0.0,-0.01485917104674495,0.01519876900876364,705722.868931802,0.8816118415992431,0.3955241451767024,0.6430944676568848,0.642856291371556,0.22316021544386455
2024-10-04,ARC,3.369999885559082,3.390000104904175,3.359999895095825,3.380000114440918,3.380000114440918,286900,0.0,0,-0.0029542089843561715,-0.0029542089843561715,0.0,-0.005882364128172204,-0.002971767651908605,-0.2876800856422097,0.15339576559030899,0.0029542089843561685,0.0,0.00883657311252829,0.0029717676519085837,0.6931412201430738,0.7017169126637535,0.002963032947646213,0.0,0.0,-0.002971767651908605,0.6931352598327808,-0.17958557697507987,-0.002963032947646201,0.0,0.0,0.0,0.0,0.21292199724267172,0.002963032947646213,-0.002963032947646201,0.0,0.0,0.0,-0.340700572730734,0.0,0.002963032947646213,0.0,0.0029717676519085837,-0.6931352598327809,-0.5953927864396007,-0.002963032947646201,-0.002963032947646201,-0.0029542089843561715,-0.002971767651908605,0.0,0.44356979420153075,0.0,0.0,0.0029542089843561685,0.0,0.6931352598327808,0.06636999183628604,-0.0029542089843561715,0.0,-0.005899716318173454,0.0,-1.0985963943336596,-0.553509746205339,0.0029542089843561685,0.002963032947646213,0.005899716318173401,0.0,1.0985963943336596,0.10596167910397733,0.002963032947646213,-0.002963032947646201,0.0,0.0,0.0,-0.3413116875141003,-0.002963032947646201,-0.0029542089843561715,-0.008836573112528359,0.0,-1.3862764799758545,-0.10787181783149076,0.0,0.0,0.0029368567943549146,-0.002963032947646201,0.6931531410123215,-0.7184452366561657,0.0,0.005917241932002314,0.002945507333817346,0.00891542598410196,-0.6931531410123214,0.5978069883004493,0.005934800599554714,0.0029717676519085837,0.005917241932002314,-0.002980625384547116,1.3863003215722889,0.14024224978112634,0.0,-0.002971767651908605,0.0,0.0,0.0,0.3529984692094237,0.0,0.0029717676519085837,0.0,0.0,0.0,0.2386630967492494,0.0,0.0029806253845470537,0.0,0.0029806253845470537,-0.6931471805599453,-0.7055491584523196,0.0029806253845470537,0.0,0.0029717676519085837,0.0,0.6931471805599453,0.2532237507579289,0.0,0.0,0.0029806253845470537,0.0029895360782867674,0.0,-0.04804643071945933,0.0,0.0029895360782867674,0.0,0.002998500209540316,-0.6931471805599453,-0.7241862955278443,0.0,-0.0029895360782868233,0.0,0.0,0.0,1.0037467509342497,0.0,0.005988036287827164,0.0,0.003007518260451599,-0.40546510810816444,-1.1797320576074548,0.0029895360782867674,-0.005988036287827113,0.0,-0.0030075182604515716,0.4054651081081644,-0.23240949103043773,0.0,0.0029895360782867674,0.0,-0.0029985002095402344,0.6931471805599453,-1.0849487502654778,0.0032418159009745162,0.4029872310460022,3.3800000667572023,183800.0,3.390000104904175,3.369999885559082,1.4107607871202452e-08,0.4452855130657324,-0.0029542089843561715,-0.002963032947646201,0.00707114536237022,77602.54506135736,0.5000016858554449,0.8321411685611689,0.34,0.6000009536615837,0.7284743202416919,0.002789417698858613,0.4193687583293898,3.3790000438690186,207390.0,3.390000104904175,3.369999885559082,0.0002959226381930938,0.32453264436203577,-0.0029542089843561715,-0.002963032947646201,0.007378737773108788,74298.87766462173,0.5338835246166358,0.7675343238659028,0.42063263607482815,0.5,0.5030647985989491,0.0029333126406042953,0.43034167587423305,3.378666718800863,307053.3333333333,3.390000104904175,3.369999885559082,0.0003945735720532635,-0.06788773372438651,-0.0029542089843561715,-0.002963032947646201,0.006399490885507743,202737.00369362015,0.5520899108972399,0.47514842756112075,0.49620492150392803,0.5833331677670204,0.4586950434052086,0.0025926874210445037,0.41957071675900753,3.3735000133514403,322525.0,3.390000104904175,3.3499999046325684,0.0019249583101021595,-0.11704692962388123,-0.0029542089843561715,-0.008915425984101966,0.010894323316078728,181895.8692132454,0.6491625707464604,0.45103654613751143,0.6779461182760653,0.6153840510869925,0.4767145406645704,0.0023713654234833173,0.5494904167289882,3.368399991989136,406832.0,3.390000104904175,3.3399999141693115,0.003437891557726647,-0.34926660082686517,-0.0029542089843561715,-0.01190496206238883,0.014341171742511366,285283.0797646435,0.7022171315575978,0.39490088222289327,0.6421921758688804,0.642856291371556,0.24718914845516204
2024-10-07,ARC,3.380000114440918,3.390000104904175,3.369999885559082,3.380000114440918,3.380000114440918,55200,0.0029542089843561685,1,0.0,0.0,0.002963032947646213,0.0,0.0029717676519085837,-0.405461134500864,-1.6481707697042693,-0.0029542089843561715,0.0,-0.005882364128172204,-0.002971767651908605,-0.2876800856422097,0.15339576559030899,0.0029542089843561685,0.0,0.00883657311252829,0.0029717676519085837,0.6931412201430738,0.7017169126637535,0.002963032947646213,0.0,0.0,-0.002971767651908605,0.6931352598327808,-0.17958557697507987,-0.002963032947646201,0.0,0.0,0.0,0.0,0.21292199724267172,0.002963032947646213,-0.002963032947646201,0.0,0.0,0.0,-0.340700572730734,0.0,0.002963032947646213,0.0,0.0029717676519085837,-0.6931352598327809,-0.5953927864396007,-0.002963032947646201,-0.002963032947646201,-0.0029542089843561715,-0.002971767651908605,0.0,0.44356979420153075,0.0,0.0,0.0029542089843561685,0.0,0.6931352598327808,0.06636999183628604,-0.0029542089843561715,0.0,-0.005899716318173454,0.0,-1.0985963943336596,-0.553509746205339,0.0029542089843561685,0.002963032947646213,0.005899716318173401,0.0,1.0985963943336596,0.10596167910397733,0.002963032947646213,-0.002963032947646201,0.0,0.0,0.0,-0.3413116875141003,-0.002963032947646201,-0.0029542089843561715,-0.008836573112528359,0.0,-1.3862764799758545,-0.10787181783149076,0.0,0.0,0.0029368567943549146,-0.002963032947646201,0.6931531410123215,-0.7184452366561657,0.0,0.005917241932002314,0.002945507333817346,0.00891542598410196,-0.6931531410123214,0.5978069883004493,0.005934800599554714,0.0029717676519085837,0.005917241932002314,-0.002980625384547116,1.3863003215722889,0.14024224978112634,0.0,-0.002971767651908605,0.0,0.0,0.0,0.3529984692094237,0.0,0.0029717676519085837,0.0,0.0,0.0,0.2386630967492494,0.0,0.0029806253845470537,0.0,0.0029806253845470537,-0.6931471805599453,-0.7055491584523196,0.0029806253845470537,0.0,0.0029717676519085837,0.0,0.6931471805599453,0.2532237507579289,0.0,0.0,0.0029806253845470537,0.0029895360782867674,0.0,-0.04804643071945933,0.0,0.0029895360782867674,0.0,0.002998500209540316,-0.6931471805599453,-0.7241862955278443,0.0,-0.0029895360782868233,0.0,0.0,0.0,1.0037467509342497,0.0,0.005988036287827164,0.0,0.003007518260451599,-0.40546510810816444,-1.1797320576074548,0.0029895360782867674,-0.005988036287827113,0.0,-0.0030075182604515716,0.4054651081081644,-0.23240949103043773,0.002958624255637038,0.8936659226692787,3.3800000667572023,171240.0,3.390000104904175,3.369999885559082,1.4107607871202452e-08,-1.1321031279936957,-0.0029542089843561715,-0.002963032947646201,0.00707114536237022,94218.06090129429,0.5000016858554449,0.1920972505431654,0.38000000000000006,0.5,0.430004458314757,0.002591172495068065,0.6654610884409764,3.378000044822693,181480.0,3.390000104904175,3.369999885559082,0.0005919116985750547,-1.1901825015127134,-0.0029542089843561715,-0.002963032947646201,0.006324649815196844,77961.29809078484,0.5790585121969689,0.0950554855662206,0.3793630891476327,0.4285724016961564,0.3536654241500057,0.002501239526800786,0.5962602218357795,3.378666718800863,277413.3333333333,3.390000104904175,3.369999885559082,0.0003945735720532635,-1.6145456188114804,-0.0029542089843561715,-0.002963032947646201,0.006399490885507743,205031.87510610174,0.5520899108972399,0.22905025960190292,0.46106261571913976,0.5,0.3861051337227175,0.0025926874210445037,0.5562619545103318,3.375000023841858,306390.0,3.390000104904175,3.359999895095825,0.001480411964439394,-1.7138958469750676,-0.0029542089843561715,-0.005934800599554761,0.009459150136347468,190818.9467035509,0.6321495728206844,0.17090532106562867,0.6571127238894742,0.6153840510869925,0.4371322813169686,0.0023713654234833173,0.6006497365344832,3.37,359816.0,3.390000104904175,3.3499999046325684,0.002962998988916246,-1.8746298363941873,-0.0029542089843561715,-0.008915425984101966,0.013228849072214503,236560.70341457802,0.6889830775589129,0.17807840059327867,0.642988150675602,0.642856291371556,0.3680985725828171
2024-10-08,ARC,3.390000104904175,3.4100000858306885,3.380000114440918,3.390000104904175,3.390000104904175,206600,0.0,0,0.0029542089843561685,0.0029542089843561685,0.0029542089843561685,0.005882364128172348,0.002963032947646213,0.4054531872388944,1.3198216034024886,0.0,0.002963032947646213,0.0,0.0029717676519085837,-0.405461134500864,-1.6481707697042693,-0.0029542089843561715,0.0,-0.005882364128172204,-0.002971767651908605,-0.2876800856422097,0.15339576559030899,0.0029542089843561685,0.0,0.00883657311252829,0.0029717676519085837,0.6931412201430738,0.7017169126637535,0.002963032947646213,0.0,0.0,-0.002971767651908605,0.6931352598327808,-0.17958557697507987,-0.002963032947646201,0.0,0.0,0.0,0.0,0.21292199724267172,0.002963032947646213,-0.002963032947646201,0.0,0.0,0.0,-0.340700572730734,0.0,0.002963032947646213,0.0,0.0029717676519085837,-0.6931352598327809,-0.5953927864396007,-0.002963032947646201,-0.002963032947646201,-0.0029542089843561715,-0.002971767651908605,0.0,0.44356979420153075,0.0,0.0,0.0029542089843561685,0.0,0.6931352598327808,0.06636999183628604,-0.0029542089843561715,0.0,-0.005899716318173454,0.0,-1.0985963943336596,-0.553509746205339,0.0029542089843561685,0.002963032947646213,0.005899716318173401,0.0,1.0985963943336596,0.10596167910397733,0.002963032947646213,-0.002963032947646201,0.0,0.0,0.0,-0.3413116875141003,-0.002963032947646201,-0.0029542089843561715,-0.008836573112528359,0.0,-1.3862764799758545,-0.10787181783149076,0.0,0.0,0.0029368567943549146,-0.002963032947646201,0.6931531410123215,-0.7184452366561657,0.0,0.005917241932002314,0.002945507333817346,0.00891542598410196,-0.6931531410123214,0.5978069883004493,0.005934800599554714,0.0029717676519085837,0.005917241932002314,-0.002980625384547116,1.3863003215722889,0.14024224978112634,0.0,-0.002971767651908605,0.0,0.0,0.0,0.3529984692094237,0.0,0.0029717676519085837,0.0,0.0,0.0,0.2386630967492494,0.0,0.0029806253845470537,0.0,0.0029806253845470537,-0.6931471805599453,-0.7055491584523196,0.0029806253845470537,0.0,0.0029717676519085837,0.0,0.6931471805599453,0.2532237507579289,0.0,0.0,0.0029806253845470537,0.0029895360782867674,0.0,-0.04804643071945933,0.0,0.0029895360782867674,0.0,0.002998500209540316,-0.6931471805599453,-0.7241862955278443,0.0,-0.0029895360782868233,0.0,0.0,0.0,1.0037467509342497,0.0,0.005988036287827164,0.0,0.003007518260451599,-0.40546510810816444,-1.1797320576074548,0.00264380719806776,1.1160731733499079,3.3840001106262205,183360.0,3.390000104904175,3.380000114440918,0.0017714779026029937,0.11933312315916342,0.0,-0.0029542089843561715,0.005477220351564905,94057.1262584606,0.7738612787524611,0.5617709708037926,0.46571428571428575,0.7500014901086587,0.552972027972028,0.0025911724950680643,0.7973465731578133,3.3790000438690186,184070.0,3.390000104904175,3.369999885559082,0.003250131622549207,0.1154684366409074,0.0,-0.005917241932002314,0.007378737773108788,78361.69770153577,0.8726945371078572,0.571878228333606,0.3626967205026975,0.5714275983038436,0.514339497287122,0.0026149612907231845,0.683440512492231,3.3793333848317464,230606.66666666666,3.390000104904175,3.369999885559082,0.003151485716272298,-0.10992896082115314,0.0,-0.005917241932002314,0.007037399139062135,107624.24359559569,0.8789297672921944,0.4442349932862871,0.430847602280742,0.5454539543412249,0.29280528831966,0.0025913344732884243,0.6368186967938393,3.3765000343322753,292380.0,3.390000104904175,3.359999895095825,0.003990272136776325,-0.3472697693979317,0.0,-0.008889009583910989,0.009333112655003062,187126.49985335692,0.8616175833006453,0.38539838015029654,0.6340838769207404,0.6153840510869925,0.44630126485243393,0.002369815354774365,0.6656997301951251,3.3716000080108643,329064.0,3.390000104904175,3.3499999046325684,0.005442540820369716,-0.46546770403692544,0.0,-0.011869634968458085,0.013127671929952458,200411.29974795986,0.8504067018030875,0.3472341627517853,0.6501707557630083,0.642856291371556,0.4116687347764143
2024-10-09,ARC,3.4100000858306885,3.4100000858306885,3.380000114440918,3.390000104904175,3.390000104904175,122600,0.0,0,0.0,0.0,0.005882364128172348,0.0,0.0,0.0,-0.5218575331834272,0.0029542089843561685,0.0029542089843561685,0.005882364128172348,0.002963032947646213,0.4054531872388944,1.3198216034024886,0.0,0.002963032947646213,0.0,0.0029717676519085837,-0.405461134500864,-1.6481707697042693,-0.0029542089843561715,0.0,-0.005882364128172204,-0.002971767651908605,-0.2876800856422097,0.15339576559030899,0.0029542089843561685,0.0,0.00883657311252829,0.0029717676519085837,0.6931412201430738,0.7017169126637535,0.002963032947646213,0.0,0.0,-0.002971767651908605,0.6931352598327808,-0.17958557697507987,-0.002963032947646201,0.0,0.0,0.0,0.0,0.21292199724267172,0.002963032947646213,-0.002963032947646201,0.0,0.0,0.0,-0.340700572730734,0.0,0.002963032947646213,0.0,0.0029717676519085837,-0.6931352598327809,-0.5953927864396007,-0.002963032947646201,-0.002963032947646201,-0.0029542089843561715,-0.002971767651908605,0.0,0.44356979420153075,0.0,0.0,0.0029542089843561685,0.0,0.6931352598327808,0.06636999183628604,-0.0029542089843561715,0.0,-0.005899716318173454,0.0,-1.0985963943336596,-0.553509746205339,0.0029542089843561685,0.002963032947646213,0.005899716318173401,0.0,1.0985963943336596,0.10596167910397733,0.002963032947646213,-0.002963032947646201,0.0,0.0,0.0,-0.3413116875141003,-0.002963032947646201,-0.0029542089843561715,-0.008836573112528359,0.0,-1.3862764799758545,-0.10787181783149076,0.0,0.0,0.0029368567943549146,-0.002963032947646201,0.6931531410123215,-0.7184452366561657,0.0,0.005917241932002314,0.002945507333817346,0.00891542598410196,-0.6931531410123214,0.5978069883004493,0.005934800599554714,0.0029717676519085837,0.005917241932002314,-0.002980625384547116,1.3863003215722889,0.14024224978112634,0.0,-0.002971767651908605,0.0,0.0,0.0,0.3529984692094237,0.0,0.0029717676519085837,0.0,0.0,0.0,0.2386630967492494,0.0,0.0029806253845470537,0.0,0.0029806253845470537,-0.6931471805599453,-0.7055491584523196,0.0029806253845470537,0.0,0.0029717676519085837,0.0,0.6931471805599453,0.2532237507579289,0.0,0.0,0.0029806253845470537,0.0029895360782867674,0.0,-0.04804643071945933,0.0,0.0029895360782867674,0.0,0.002998500209540316,-0.6931471805599453,-0.7241862955278443,0.0,-0.0029895360782868233,0.0,0.0,0.0,1.0037467509342497,0.0024716685672386326,1.1452798029902589,3.3860001087188722,183480.0,3.390000104904175,3.380000114440918,0.0011806365182499153,-0.4031786462268602,0.0,-0.0029542089843561715,0.005477220351564905,93959.60302172418,0.6825741858349605,0.33801549271679,0.39904761904761915,0.6666666666666667,0.5004746835443038,0.0025911724950680643,0.8145169907239304,3.380000042915344,177020.0,3.390000104904175,3.369999885559082,0.0029542301457679315,-0.36733569703861985,0.0,-0.005917241932002314,0.00816505535682786,80598.4532523229,0.8061847578433256,0.33120023460738196,0.3321414592897878,0.5714275983038436,0.463835026161896,0.0026149612907231845,0.6725056513378718,3.38000005086263,209246.66666666666,3.390000104904175,3.369999885559082,0.002954227794500103,-0.5345867558321883,0.0,-0.005917241932002314,0.007559372365176135,93301.53012576932,0.8307170740659697,0.26783160321736416,0.4101703009252108,0.5454539543412249,0.3779521560262076,0.0025913344732884243,0.628021755179286,3.378000044822693,286490.0,3.390000104904175,3.359999895095825,0.003546120682931352,-0.8487766080295623,0.0,-0.008889009583910989,0.008944358780775222,190669.13999745314,0.8354086183146703,0.28511205326385125,0.6113387176010583,0.6153840510869925,0.47592577454426555,0.002369815354774365,0.6318190590654418,3.3732000160217286,321976.0,3.390000104904175,3.3499999046325684,0.004968098869481296,-0.9655499851029979,0.0,-0.011869634968458085,0.012819348894786494,204579.60406648545,0.8276314776267353,0.2563588988870982,0.6573533608504146,0.642856291371556,0.47643742354130103
2024-10-10,ARC,3.4100000858306885,3.4100000858306885,3.390000104904175,3.390000104904175,3.390000104904175,96800,0.0,0,0.0,0.0,0.0,0.0,0.0029542089843561685,-0.40546510810816444,-0.2362800292195797,0.0,0.005882364128172348,0.0,0.0,0.0,-0.5218575331834272,0.0029542089843561685,0.0029542089843561685,0.005882364128172348,0.002963032947646213,0.4054531872388944,1.3198216034024886,0.0,0.002963032947646213,0.0,0.0029717676519085837,-0.405461134500864,-1.6481707697042693,-0.0029542089843561715,0.0,-0.005882364128172204,-0.002971767651908605,-0.2876800856422097,0.15339576559030899,0.0029542089843561685,0.0,0.00883657311252829,0.0029717676519085837,0.6931412201430738,0.7017169126637535,0.002963032947646213,0.0,0.0,-0.002971767651908605,0.6931352598327808,-0.17958557697507987,-0.002963032947646201,0.0,0.0,0.0,0.0,0.21292199724267172,0.002963032947646213,-0.002963032947646201,0.0,0.0,0.0,-0.340700572730734,0.0,0.002963032947646213,0.0,0.0029717676519085837,-0.6931352598327809,-0.5953927864396007,-0.002963032947646201,-0.002963032947646201,-0.0029542089843561715,-0.002971767651908605,0.0,0.44356979420153075,0.0,0.0,0.0029542089843561685,0.0,0.6931352598327808,0.06636999183628604,-0.0029542089843561715,0.0,-0.005899716318173454,0.0,-1.0985963943336596,-0.553509746205339,0.0029542089843561685,0.002963032947646213,0.005899716318173401,0.0,1.0985963943336596,0.10596167910397733,0.002963032947646213,-0.002963032947646201,0.0,0.0,0.0,-0.3413116875141003,-0.002963032947646201,-0.0029542089843561715,-0.008836573112528359,0.0,-1.3862764799758545,-0.10787181783149076,0.0,0.0,0.0029368567943549146,-0.002963032947646201,0.6931531410123215,-0.7184452366561657,0.0,0.005917241932002314,0.002945507333817346,0.00891542598410196,-0.6931531410123214,0.5978069883004493,0.005934800599554714,0.0029717676519085837,0.005917241932002314,-0.002980625384547116,1.3863003215722889,0.14024224978112634,0.0,-0.002971767651908605,0.0,0.0,0.0,0.3529984692094237,0.0,0.0029717676519085837,0.0,0.0,0.0,0.2386630967492494,0.0,0.0029806253845470537,0.0,0.0029806253845470537,-0.6931471805599453,-0.7055491584523196,0.0029806253845470537,0.0,0.0029717676519085837,0.0,0.6931471805599453,0.2532237507579289,0.0,0.0,0.0029806253845470537,0.0029895360782867674,0.0,-0.04804643071945933,0.0,0.0029895360782867674,0.0,0.002998500209540316,-0.6931471805599453,-0.7241862955278443,0.002088941205880466,1.0765637463563915,3.3860001087188722,153620.0,3.390000104904175,3.380000114440918,0.0011806365182499153,-0.4618350262880046,0.0,-0.0029542089843561715,0.005477220351564905,92800.44180929313,0.6825741858349605,0.3469296080595007,0.36571428571428577,0.5,0.3601274124039723,0.002333794471291543,0.7973586444667461,3.3820000648498536,156610.0,3.390000104904175,3.369999885559082,0.002362682686153304,-0.4811116441958111,0.0,-0.005917241932002314,0.007888179455262385,71015.1071564682,0.7535451969523903,0.28944620942336924,0.3349987928810661,0.6666666666666667,0.3856838803629439,0.0024669287545687328,0.6736251661912876,3.3813333988189695,189186.66666666666,3.390000104904175,3.369999885559082,0.0025598239439737535,-0.6700871876884715,0.0,-0.005917241932002314,0.007432304348109208,81488.82365669972,0.791521501249141,0.21656644886703139,0.42714006147295314,0.6,0.38365168973783925,0.0025913344732884243,0.6261588506273863,3.3795000553131103,276070.0,3.390000104904175,3.359999895095825,0.0031021664120243738,-1.0480074624661007,0.0,-0.008889009583910989,0.008255858998718455,195232.70891830322,0.8179575133458084,0.27044061802802594,0.5887450732705157,0.6153840510869925,0.4567203854460874,0.002369815354774365,0.5943762976168687,3.374800024032593,293128.0,3.390000104904175,3.3499999046325684,0.004493881907017947,-1.1079623794072178,0.0,-0.011869634968458085,0.012288297487155703,181237.27431188084,0.8092389504622142,0.2291837444236907,0.6621468260857489,0.642856291371556,0.3896505294081646
2024-10-11,ARC,3.380000114440918,3.400000095367432,3.380000114440918,3.390000104904175,3.390000104904175,51900,0.0,0,0.0,0.0,-0.008836573112528359,-0.002936856794354985,-0.0029542089843561715,2.2204460492502885e-14,-0.6233282041106883,0.0,0.0,0.0,0.0029542089843561685,-0.40546510810816444,-0.2362800292195797,0.0,0.005882364128172348,0.0,0.0,0.0,-0.5218575331834272,0.0029542089843561685,0.0029542089843561685,0.005882364128172348,0.002963032947646213,0.4054531872388944,1.3198216034024886,0.0,0.002963032947646213,0.0,0.0029717676519085837,-0.405461134500864,-1.6481707697042693,-0.0029542089843561715,0.0,-0.005882364128172204,-0.002971767651908605,-0.2876800856422097,0.15339576559030899,0.0029542089843561685,0.0,0.00883657311252829,0.0029717676519085837,0.6931412201430738,0.7017169126637535,0.002963032947646213,0.0,0.0,-0.002971767651908605,0.6931352598327808,-0.17958557697507987,-0.002963032947646201,0.0,0.0,0.0,0.0,0.21292199724267172,0.002963032947646213,-0.002963032947646201,0.0,0.0,0.0,-0.340700572730734,0.0,0.002963032947646213,0.0,0.0029717676519085837,-0.6931352598327809,-0.5953927864396007,-0.002963032947646201,-0.002963032947646201,-0.0029542089843561715,-0.002971767651908605,0.0,0.44356979420153075,0.0,0.0,0.0029542089843561685,0.0,0.6931352598327808,0.06636999183628604,-0.0029542089843561715,0.0,-0.005899716318173454,0.0,-1.0985963943336596,-0.553509746205339,0.0029542089843561685,0.002963032947646213,0.005899716318173401,0.0,1.0985963943336596,0.10596167910397733,0.002963032947646213,-0.002963032947646201,0.0,0.0,0.0,-0.3413116875141003,-0.002963032947646201,-0.0029542089843561715,-0.008836573112528359,0.0,-1.3862764799758545,-0.10787181783149076,0.0,0.0,0.0029368567943549146,-0.002963032947646201,0.6931531410123215,-0.7184452366561657,0.0,0.005917241932002314,0.002945507333817346,0.00891542598410196,-0.6931531410123214,0.5978069883004493,0.005934800599554714,0.0029717676519085837,0.005917241932002314,-0.002980625384547116,1.3863003215722889,0.14024224978112634,0.0,-0.002971767651908605,0.0,0.0,0.0,0.3529984692094237,0.0,0.0029717676519085837,0.0,0.0,0.0,0.2386630967492494,0.0,0.0029806253845470537,0.0,0.0029806253845470537,-0.6931471805599453,-0.7055491584523196,0.0029806253845470537,0.0,0.0029717676519085837,0.0,0.6931471805599453,0.2532237507579289,0.0,0.0,0.0029806253845470537,0.0029895360782867674,0.0,-0.04804643071945933,0.0013211624217521925,1.071261419683342,3.3880001068115235,106620.0,3.390000104904175,3.380000114440918,0.000590144021311534,-0.7199523212227721,0.0,-0.0029542089843561715,0.00447213169004152,63218.05121956861,0.611803398874906,0.28360611034201777,0.39238095238095244,1.0,0.2815172926738565,0.002333794471291543,0.7992814987165978,3.3840000867843627,145210.0,3.390000104904175,3.369999885559082,0.001771484948069016,-1.0288621803708031,0.0,-0.005917241932002314,0.006992105362007206,78149.84822619938,0.7145283076115464,0.20150293916783882,0.3199989836152015,0.6666666666666667,0.42898081235983054,0.002363006366445316,0.6848566292336586,3.3820000648498536,173800.0,3.390000104904175,3.369999885559082,0.002362682686153304,-1.2085864226594487,0.0,-0.005917241932002314,0.007746038453412896,84311.34477128915,0.7581977904717343,0.13854211929996682,0.43602901393988736,0.5555549668733825,0.40564186426819304,0.0025913344732884243,0.6305210496066305,3.3810000658035277,256945.0,3.390000104904175,3.369999885559082,0.0026584091490528487,-1.5995432640383427,0.0,-0.005917241932002314,0.0071819184939295524,197626.56031542225,0.8132881244842258,0.24061558366352992,0.5622298739093462,0.6153840510869925,0.4176817457926225,0.002369815354774365,0.5901871875431763,3.376400032043457,279344.0,3.390000104904175,3.3499999046325684,0.004019889719694088,-1.6831252070705756,0.0,-0.011869634968458085,0.011503713202274394,186087.1213526967,0.7955583258549265,0.19443882205996632,0.6622737629351412,0.642856291371556,0.4404053680132817
2024-10-15,ARC,3.380000114440918,3.400000095367432,3.380000114440918,3.400000095367432,3.400000095367432,75900,0.0058651137113246805,1,0.002945507333817346,0.002945507333817346,-0.008836573112528359,-0.002936856794354985,0.0,-0.4054651081081421,-1.2196594004936356,0.0,0.00883657311252829,0.0029368567943549146,0.0,0.4054651081081422,1.599757294723377,0.0,-0.008836573112528359,-0.002936856794354985,-0.0029542089843561715,2.2204460492502885e-14,-0.6233282041106883,0.0,0.0,0.0,0.0029542089843561685,-0.40546510810816444,-0.2362800292195797,0.0,0.005882364128172348,0.0,0.0,0.0,-0.5218575331834272,0.0029542089843561685,0.0029542089843561685,0.005882364128172348,0.002963032947646213,0.4054531872388944,1.3198216034024886,0.0,0.002963032947646213,0.0,0.0029717676519085837,-0.405461134500864,-1.6481707697042693,-0.0029542089843561715,0.0,-0.005882364128172204,-0.002971767651908605,-0.2876800856422097,0.15339576559030899,0.0029542089843561685,0.0,0.00883657311252829,0.0029717676519085837,0.6931412201430738,0.7017169126637535,0.002963032947646213,0.0,0.0,-0.002971767651908605,0.6931352598327808,-0.17958557697507987,-0.002963032947646201,0.0,0.0,0.0,0.0,0.21292199724267172,0.002963032947646213,-0.002963032947646201,0.0,0.0,0.0,-0.340700572730734,0.0,0.002963032947646213,0.0,0.0029717676519085837,-0.6931352598327809,-0.5953927864396007,-0.002963032947646201,-0.002963032947646201,-0.0029542089843561715,-0.002971767651908605,0.0,0.44356979420153075,0.0,0.0,0.0029542089843561685,0.0,0.6931352598327808,0.06636999183628604,-0.0029542089843561715,0.0,-0.005899716318173454,0.0,-1.0985963943336596,-0.553509746205339,0.0029542089843561685,0.002963032947646213,0.005899716318173401,0.0,1.0985963943336596,0.10596167910397733,0.002963032947646213,-0.002963032947646201,0.0,0.0,0.0,-0.3413116875141003,-0.002963032947646201,-0.0029542089843561715,-0.008836573112528359,0.0,-1.3862764799758545,-0.10787181783149076,0.0,0.0,0.0029368567943549146,-0.002963032947646201,0.6931531410123215,-0.7184452366561657,0.0,0.005917241932002314,0.002945507333817346,0.00891542598410196,-0.6931531410123214,0.5978069883004493,0.005934800599554714,0.0029717676519085837,0.005917241932002314,-0.002980625384547116,1.3863003215722889,0.14024224978112634,0.0,-0.002971767651908605,0.0,0.0,0.0,0.3529984692094237,0.0,0.0029717676519085837,0.0,0.0,0.0,0.2386630967492494,0.0,0.0029806253845470537,0.0,0.0029806253845470537,-0.6931471805599453,-0.7055491584523196,0.0013172709253279416,1.0680527280163665,3.392000102996826,120840.0,3.400000095367432,3.390000104904175,0.0023557113770736136,-0.46505067211688694,0.0,-0.0029455073338173704,0.004472131690041744,80456.34219873534,0.9472135954996512,0.3603590507228329,0.3666666666666701,1.0,0.3791828434091329,0.001993957466872866,1.0396196639907578,3.3880001068115235,152100.0,3.400000095367432,3.380000114440918,0.0035356513551289613,-0.6951215148636629,0.0,-0.005899716318173454,0.006324549288846763,88851.77419600576,0.9743416490195728,0.28559797851671515,0.3104761904761911,0.8000009536706802,0.46850570581364004,0.002198309075982863,0.8634226280954158,3.3833333969116213,162993.33333333334,3.400000095367432,3.369999885559082,0.004914024060061423,-0.7642926157732577,0.0,-0.0088627492658196,0.008997421238872845,82151.71910788772,0.9630965365888198,0.23496192691063492,0.402089942094283,0.6249985099002249,0.4637119113573408,0.002331137286606109,0.7657425695963925,3.3825000643730165,203165.0,3.400000095367432,3.369999885559082,0.005160359577359313,-0.9846017723725368,0.0,-0.0088627492658196,0.008507028733048816,110795.51708107656,1.0142815295318672,0.21283811079903256,0.515230854796702,0.5833323399334835,0.3137079455977094,0.002368278023271758,0.717846719742495,3.3796000480651855,258072.0,3.400000095367432,3.359999895095825,0.006018086152655333,-1.2238219313547507,0.0,-0.0118345169177283,0.010598823060803583,183587.7390604647,0.98118661820315,0.25192787801041333,0.6494327182984675,0.6428562913715571,0.4347757071653068
2024-10-16,ARC,3.4100000858306885,3.4200000762939453,3.390000104904175,3.4200000762939453,3.4200000762939453,844800,-0.002928256916969667,0,0.0058651137113246805,0.0058651137113246805,0.00883657311252829,0.0058651137113246805,0.0029542089843561685,0.4054651081081422,2.4096832285504126,0.002945507333817346,-0.008836573112528359,-0.002936856794354985,0.0,-0.4054651081081421,-1.2196594004936356,0.0,0.00883657311252829,0.0029368567943549146,0.0,0.4054651081081422,1.599757294723377,0.0,-0.008836573112528359,-0.002936856794354985,-0.0029542089843561715,2.2204460492502885e-14,-0.6233282041106883,0.0,0.0,0.0,0.0029542089843561685,-0.40546510810816444,-0.2362800292195797,0.0,0.005882364128172348,0.0,0.0,0.0,-0.5218575331834272,0.0029542089843561685,0.0029542089843561685,0.005882364128172348,0.002963032947646213,0.4054531872388944,1.3198216034024886,0.0,0.002963032947646213,0.0,0.0029717676519085837,-0.405461134500864,-1.6481707697042693,-0.0029542089843561715,0.0,-0.005882364128172204,-0.002971767651908605,-0.2876800856422097,0.15339576559030899,0.0029542089843561685,0.0,0.00883657311252829,0.0029717676519085837,0.6931412201430738,0.7017169126637535,0.002963032947646213,0.0,0.0,-0.002971767651908605,0.6931352598327808,-0.17958557697507987,-0.002963032947646201,0.0,0.0,0.0,0.0,0.21292199724267172,0.002963032947646213,-0.002963032947646201,0.0,0.0,0.0,-0.340700572730734,0.0,0.002963032947646213,0.0,0.0029717676519085837,-0.6931352598327809,-0.5953927864396007,-0.002963032947646201,-0.002963032947646201,-0.0029542089843561715,-0.002971767651908605,0.0,0.44356979420153075,0.0,0.0,0.0029542089843561685,0.0,0.6931352598327808,0.06636999183628604,-0.0029542089843561715,0.0,-0.005899716318173454,0.0,-1.0985963943336596,-0.553509746205339,0.0029542089843561685,0.002963032947646213,0.005899716318173401,0.0,1.0985963943336596,0.10596167910397733,0.002963032947646213,-0.002963032947646201,0.0,0.0,0.0,-0.3413116875141003,-0.002963032947646201,-0.0029542089843561715,-0.008836573112528359,0.0,-1.3862764799758545,-0.10787181783149076,0.0,0.0,0.0029368567943549146,-0.002963032947646201,0.6931531410123215,-0.7184452366561657,0.0,0.005917241932002314,0.002945507333817346,0.00891542598410196,-0.6931531410123214,0.5978069883004493,0.005934800599554714,0.0029717676519085837,0.005917241932002314,-0.002980625384547116,1.3863003215722889,0.14024224978112634,0.0,-0.002971767651908605,0.0,0.0,0.0,0.3529984692094237,0.0,0.0029717676519085837,0.0,0.0,0.0,0.2386630967492494,0.0026244124894974365,1.5453655346555304,3.3980000972747804,265280.0,3.4200000762939453,3.390000104904175,0.00645352150587592,1.158314041005067,0.0,-0.008810621045141976,0.013038392376014635,333801.3286372599,0.9218307438660154,0.9340306271142507,0.3333333333333345,1.0,0.7945831293848915,0.0024814086928327816,1.2982872100960403,3.392000102996826,224380.0,3.4200000762939453,3.380000114440918,0.008220825088398085,1.3257588698351783,0.0,-0.011764830029498071,0.011352913417000716,235167.79730415702,1.116581230488157,1.1595503371551894,0.35047619047619005,0.8333333333333334,0.6945311658951447,0.002606975072815128,1.073848001309912,3.386000061035156,206440.0,3.4200000762939453,3.369999885559082,0.00999127164600112,1.4090900996714706,0.0,-0.014727862977144299,0.012983556597747073,194591.95329127717,1.154674530103117,1.3201264096522836,0.3818881057957787,0.6999980926677379,0.6480799818223131,0.0026404659689299487,0.9380441842936893,3.384500062465668,223255.0,3.4200000762939453,3.369999885559082,0.010434369959764921,1.3307852970296112,0.0,-0.014727862977144299,0.011909798081341415,174618.34616038902,1.2451850481809152,1.3898621102348312,0.49725987861314885,0.6428556831650796,0.5791443428931611,0.0025987215814535607,0.8600154460096313,3.38200005531311,282248.0,3.4200000762939453,3.359999895095825,0.011173306551148352,1.0963137958640714,0.0,-0.017699630629052897,0.012583118024578096,217775.9229116018,1.2549802224419098,1.1457922350630418,0.6344186701042257,0.687498789292127,0.58228951094652
2024-10-17,ARC,3.400000095367432,3.4200000762939453,3.400000095367432,3.4100000858306885,3.4100000858306885,203000,0.0029282569169696154,1,-0.002928256916969667,-0.002928256916969667,-0.002936856794354985,0.0,0.002945507333817346,-0.4054651081081866,-1.4258939339102097,0.0058651137113246805,0.00883657311252829,0.0058651137113246805,0.0029542089843561685,0.4054651081081422,2.4096832285504126,0.002945507333817346,-0.008836573112528359,-0.002936856794354985,0.0,-0.4054651081081421,-1.2196594004936356,0.0,0.00883657311252829,0.0029368567943549146,0.0,0.4054651081081422,1.599757294723377,0.0,-0.008836573112528359,-0.002936856794354985,-0.0029542089843561715,2.2204460492502885e-14,-0.6233282041106883,0.0,0.0,0.0,0.0029542089843561685,-0.40546510810816444,-0.2362800292195797,0.0,0.005882364128172348,0.0,0.0,0.0,-0.5218575331834272,0.0029542089843561685,0.0029542089843561685,0.005882364128172348,0.002963032947646213,0.4054531872388944,1.3198216034024886,0.0,0.002963032947646213,0.0,0.0029717676519085837,-0.405461134500864,-1.6481707697042693,-0.0029542089843561715,0.0,-0.005882364128172204,-0.002971767651908605,-0.2876800856422097,0.15339576559030899,0.0029542089843561685,0.0,0.00883657311252829,0.0029717676519085837,0.6931412201430738,0.7017169126637535,0.002963032947646213,0.0,0.0,-0.002971767651908605,0.6931352598327808,-0.17958557697507987,-0.002963032947646201,0.0,0.0,0.0,0.0,0.21292199724267172,0.002963032947646213,-0.002963032947646201,0.0,0.0,0.0,-0.340700572730734,0.0,0.002963032947646213,0.0,0.0029717676519085837,-0.6931352598327809,-0.5953927864396007,-0.002963032947646201,-0.002963032947646201,-0.0029542089843561715,-0.002971767651908605,0.0,0.44356979420153075,0.0,0.0,0.0029542089843561685,0.0,0.6931352598327808,0.06636999183628604,-0.0029542089843561715,0.0,-0.005899716318173454,0.0,-1.0985963943336596,-0.553509746205339,0.0029542089843561685,0.002963032947646213,0.005899716318173401,0.0,1.0985963943336596,0.10596167910397733,0.002963032947646213,-0.002963032947646201,0.0,0.0,0.0,-0.3413116875141003,-0.002963032947646201,-0.0029542089843561715,-0.008836573112528359,0.0,-1.3862764799758545,-0.10787181783149076,0.0,0.0,0.0029368567943549146,-0.002963032947646201,0.6931531410123215,-0.7184452366561657,0.0,0.005917241932002314,0.002945507333817346,0.00891542598410196,-0.6931531410123214,0.5978069883004493,0.005934800599554714,0.0029717676519085837,0.005917241932002314,-0.002980625384547116,1.3863003215722889,0.14024224978112634,0.0,-0.002971767651908605,0.0,0.0,0.0,0.3529984692094237,0.003344017767777235,1.7439460825962019,3.402000093460083,286520.0,3.4200000762939453,3.390000104904175,0.002348795019945751,-0.3446023627044631,-0.002928256916969667,-0.005882364128172204,0.013038392376014635,323624.36094954284,0.6533929977694625,0.43548075324510116,0.36666666666666564,0.75,0.5288304919100879,0.0027007147519989383,1.3776574389032017,3.3940001010894774,220070.0,3.4200000762939453,3.380000114440918,0.0047031198689203605,-0.08073969851965634,-0.002928256916969667,-0.008836573112528359,0.012649098577579192,235120.44691084558,0.816227766015901,0.4818497282730235,0.34333333333333194,0.6666666666666667,0.490928225636708,0.002603417519202047,1.1375224727573683,3.3886667410532634,199913.33333333334,3.4200000762939453,3.369999885559082,0.006275764157531489,0.015322039743105096,-0.002928256916969667,-0.011799606060174599,0.013557671068210675,192831.26919914386,0.8933814419544079,0.5040017714443902,0.37885793521984146,0.6999997615828988,0.4820991040409581,0.0026380146100488605,0.9930911684789739,3.3865000724792482,213520.0,3.4200000762939453,3.369999885559082,0.0069153553904878024,-0.050524526054481385,-0.002928256916969667,-0.011799606060174599,0.012680315820062663,169740.29264546587,0.9633167991419184,0.48450574133571667,0.4792889024295956,0.6428567779335055,0.46894637787489235,0.0026961277702490594,0.9079230350213282,3.384000062942505,278160.0,3.4200000762939453,3.359999895095825,0.007653856121707394,-0.31499050865781864,-0.002928256916969667,-0.014771373712083145,0.012909993735069982,218285.75690288775,1.0034863575796045,0.4139201738739216,0.619404621909984,0.6470580810559886,0.4879747729091166
